{"final ssl loss": [-0.9852046963496086, -0.9857304114561815, -0.9861732660195767, -0.9865227858225505, -0.9868685321930127, -0.9871716337326245, -0.9874603332617344, -0.9877142291802626, -0.9879405532127772, -0.9881203483312558, -0.9883344625815367, -0.9884963747782585, -0.9886530903669504, -0.9887531240781148, -0.9888562737367093, -0.9889428872328538, -0.9890004735726576, -0.9890513184743049, -0.9891096191528516, -0.9891361303818531, -0.9891867280006409, -0.9892208836017511, -0.9892580839303824, -0.9892832294488565, -0.9893063019483518, -0.9893319108547308, -0.9893785097660163, -0.9894166289231716, -0.9894556666031862, -0.9894724084780766, -0.9895170086469406, -0.98957817309942, -0.989615370065738, -0.9896557169082837, -0.9897004054142878, -0.9897554336450038, -0.9898161377662268, -0.9898411108897283, -0.989875807823279, -0.9899052766653208], "final train loss": [1.4903787150396552, 1.0869422532941062, 0.9002197020724892, 0.7770828450708924, 0.7057482661638348, 0.6662869681025025, 0.6252872517495267, 0.6047272482978255, 0.5803182983682269, 0.5639768676526511, 0.543925598284922, 0.5335020186020791, 0.5154911909350369, 0.5088826163851291, 0.5008976630013974, 0.4958620774741705, 0.4862163375742739, 0.4806875210326872, 0.4671152750587497, 0.4651674758841488, 0.4610302410357881, 0.45544971724774874, 0.4503194369381001, 0.4438584558427461, 0.43889968605035573, 0.44263725541399657, 0.4352437536647198, 0.42987503841063957, 0.42961884132442785, 0.4240392476754487, 0.4186504717542927, 0.4162145586500332, 0.4177675700687566, 0.41750697579232193, 0.4168939453357064, 0.40965054413752516, 0.40619925521552436, 0.4047472228924264, 0.4050374306399473, 0.40328199405013965, 0.4006506951145865, 0.39788513113271284, 0.3971956741798195, 0.39982783442261205, 0.3912776048509, 0.39667933957430174, 0.38883507813577883, 0.38695237370685814, 0.3913278336442779, 0.39165137112458376], "final val loss": [1.2467111466796534, 0.9400181011029869, 0.8431954389544809, 0.814536295499012, 0.8109445689590113, 0.7279279214941012, 0.6828235757958357, 0.6258062361531956, 0.678264065058368, 0.6604450806310982, 0.6083487551303426, 0.5644784297343273, 0.5455531394405729, 0.55364872230466, 0.5458051353503185, 0.5522368589214458, 0.5870408078857289, 0.5370670100496073, 0.5685763663736878, 0.5445673734329308, 0.5744107098905904, 0.5592047448750515, 0.5295790213688164, 0.4887975330945033, 0.5255109184202115, 0.5257792276371817, 0.5020893417346249, 0.4796849929603042, 0.49754804790399637, 0.5230360498094255, 0.5415979779449998, 0.48972726096013547, 0.49769381030349974, 0.5582763531785102, 0.515927713198267, 0.4883862625166869, 0.49809347918838454, 0.5350682916724758, 0.510634690902795, 0.4955088295944177, 0.4924286242313446, 0.48903828517646547, 0.47641473946867474, 0.47248174734176346, 0.5025045979934134, 0.4794833815306615, 0.5254933825296582, 0.47231946453736845, 0.49688605081503556, 0.49783972185698283], "final test loss": [1.1568395510649148, 0.8711341715658816, 0.8058546934836208, 0.761195211079174, 0.7669114888476106, 0.6602402991189743, 0.6510063948246617, 0.5633776372137923, 0.6268744596753257, 0.6269971451248986, 0.5730125985968227, 0.5284909021121245, 0.49768524412244275, 0.5103126332735102, 0.49733143064160695, 0.5146080747294349, 0.557371119197946, 0.5132500246500435, 0.5304312092332414, 0.4970396255580381, 0.5457146275824252, 0.5348875200786529, 0.49450827706545686, 0.45371384185533553, 0.49190802096177977, 0.49656512590642937, 0.47978400260495685, 0.4531200709053503, 0.4697531090614895, 0.4922664734645012, 0.500405093256277, 0.4350116148400611, 0.4691916981253761, 0.5328297306316349, 0.47794871233379876, 0.4495828793214533, 0.48929434938552663, 0.5034063829543491, 0.4947825923871499, 0.4731116655011908, 0.4516229039659134, 0.45293617095000827, 0.44070242638119494, 0.43979924253095837, 0.4706689514005527, 0.4356814039210542, 0.49180069789528463, 0.43704736116119086, 0.4679413327393821, 0.4574169546556168], "test acc": [57.52, 69.74, 71.16, 74.11, 74.0, 77.54, 77.55, 80.93, 78.76, 78.42, 80.86, 82.35, 83.46, 82.83, 83.46, 82.47, 81.55, 83.16, 82.01, 83.18, 81.85, 82.13, 83.89, 84.82, 83.28, 83.97, 84.2, 84.81, 84.77, 84.28, 83.23, 84.85, 84.47, 82.37, 84.47, 84.99, 83.65, 83.62, 83.58, 84.25, 85.11, 84.81, 84.89, 85.07, 84.6, 85.18, 83.45, 85.46, 84.41, 84.72], "train acc": [45.306666666666665, 61.55111111111111, 68.68666666666667, 73.12222222222222, 75.57555555555555, 76.87777777777778, 78.43555555555555, 79.1511111111111, 80.18, 80.67333333333333, 81.4888888888889, 81.79777777777778, 82.18, 82.71777777777778, 82.78222222222222, 82.90666666666667, 83.46222222222222, 83.47111111111111, 84.00666666666666, 83.86666666666666, 84.12, 84.43777777777778, 84.38444444444444, 84.85777777777778, 84.94888888888889, 84.96444444444444, 85.03777777777778, 85.39333333333333, 85.29777777777778, 85.47777777777777, 85.80888888888889, 85.73777777777778, 85.57333333333334, 85.88444444444444, 85.68, 85.96444444444444, 85.95333333333333, 86.06, 86.19555555555556, 86.19555555555556, 86.28444444444445, 86.35333333333334, 86.33333333333333, 86.40666666666667, 86.6511111111111, 86.33555555555556, 86.81555555555556, 86.7311111111111, 86.68888888888888, 86.60444444444444], "val acc": [54.24, 66.92, 70.12, 72.08, 72.08, 74.96, 76.22, 78.3, 76.8, 76.98, 79.24, 81.02, 81.78, 81.1, 81.54, 81.26, 80.36, 82.22, 80.8, 81.34, 80.22, 81.0, 82.96, 83.3, 82.0, 82.1, 82.86, 83.16, 83.16, 82.0, 81.56, 82.94, 83.18, 82.0, 82.72, 83.64, 83.54, 82.18, 82.98, 83.06, 83.44, 83.56, 83.64, 83.88, 82.94, 84.04, 81.98, 84.32, 82.98, 83.96]}