,final ssl loss,final train loss,final val loss,final test loss,test acc,train acc,val acc
0,-0.9899052766653208,0.39165137112458376,0.49783972185698283,0.4574169546556168,84.72,86.60444444444444,83.96
