{"final ssl loss": [-0.9852046685341077, -0.9857303659121196, -0.9861734491128188, -0.9865230266864483, -0.9868688791226118, -0.9871720845882709, -0.9874607890080183, -0.9877145978120657, -0.9879409117576403, -0.988120647577139, -0.988334676852593, -0.9884965169124115, -0.9886531670888264, -0.9887533548550728, -0.9888566524554522, -0.9889432286604857, -0.9890005548795064, -0.9890512619263087, -0.9891093911268772, -0.9891358610911247, -0.9891866708413148, -0.9892209254778348, -0.98925799987255, -0.9892831080999129, -0.9893062001619584, -0.989331316947937, -0.9893771000397511, -0.9894148664596754, -0.9894534612313295, -0.9894703605236151, -0.9895153189316774, -0.9895764677952498, -0.9896135593071962, -0.9896539761469915, -0.9896988828976949, -0.9897537573789938, -0.9898145369994334, -0.9898395449687273, -0.9898738234471052, -0.9899028701659961, -0.9899717948375604, -0.989994281071883, -0.9900719364484151, -0.9901200697972224, -0.9901824110593551, -0.9902575294176738, -0.990325158681625, -0.9904349657205435, -0.9905453409904089, -0.9906778280551617, -0.9907786045318995, -0.9909255605477553, -0.9910682366444514, -0.99115852025839, -0.9913156588872274, -0.9914214730262756, -0.9915726047295791, -0.9916965399032984, -0.9918112427760393, -0.9919569021616227, -0.992076727671501, -0.99218970873417, -0.9922616044680278, -0.9923977674582065, -0.9924835281494336, -0.9925922344892453, -0.9926844367614159, -0.9927525715950208, -0.9928652213169978, -0.9929163822760949, -0.9930061636826931, -0.9930870768351433, -0.9931676916587047, -0.9932232520519159, -0.9932851647719358, -0.9933700268085186, -0.9934226833857023, -0.9935167459341195, -0.9935600008720007, -0.9936270374518175, -0.9936800978122613, -0.9937571418591035, -0.9938087240243569, -0.9938715839997316, -0.9939442741565215, -0.9939701236211337, -0.9940576874292814, -0.9940837526932741, -0.9941354455092014, -0.994210964288467], "final train loss": [1.498655537933683, 1.0996310763860646, 0.8737646818965906, 0.7660317588081238, 0.7022474340898566, 0.6597367356125564, 0.621282412542802, 0.5959227176617458, 0.5734521978360673, 0.5602919450976278, 0.5376962719653292, 0.5252802369542892, 0.5169846301669335, 0.5113834468614742, 0.49861966739140595, 0.488105425898412, 0.4794077300377238, 0.4675075075858522, 0.4669762883698085, 0.46196885575893165, 0.45491013895950594, 0.45010613703566743, 0.44861008066951424, 0.4415977048371901, 0.4376691035137332, 0.4355259882478148, 0.43076325447299246, 0.43093831227151064, 0.42709999911185265, 0.4159260403785878, 0.4212366782801322, 0.4174339400965776, 0.41803515038976624, 0.4124622493055626, 0.41301628367944904, 0.4081841978272946, 0.4116864349870455, 0.40266230727817964, 0.4034412611612167, 0.39820994888435635, 0.39473985935155603, 0.39696629799229927, 0.3955281260976066, 0.3925800951199067, 0.3906238768183558, 0.3897699113199176, 0.38979033176875233, 0.3852327837441289, 0.3885131419213342, 0.38682496432524754], "final val loss": [1.2024455854467526, 1.1077456531251313, 0.7988693491098987, 0.784530553088826, 0.7515984033323397, 0.7252509113709638, 0.6470750407048851, 0.6013273576832121, 0.6693027070753134, 0.6612197716904294, 0.5957401470773539, 0.5780713953030338, 0.5606797539694294, 0.572281737426284, 0.5659798194363619, 0.5455492933274834, 0.5598719526248374, 0.5218529778111513, 0.5680795181898555, 0.5490140906374925, 0.5207437185724829, 0.5172723234648917, 0.5353361528580356, 0.4933683664365939, 0.4915699804094946, 0.5361020818447612, 0.5007429664871496, 0.5036386762075363, 0.486063821585315, 0.5668697551747036, 0.5334262803291819, 0.48351837590241886, 0.48539483869911, 0.5075565735530702, 0.49512965132476416, 0.5284766157626346, 0.4811726855529342, 0.549608913576527, 0.45714708099699325, 0.461710936704259, 0.47047532383044055, 0.48848645901604065, 0.514470144204653, 0.4884496071156423, 0.46945760384866386, 0.5027808646677406, 0.49719434900648274, 0.46651228094936176, 0.4586544551287487, 0.46512639997111765], "final test loss": [1.1536218327836107, 1.027830772316113, 0.7454378376372706, 0.7296273187516977, 0.6948576034448398, 0.6439401858721298, 0.6053192072783035, 0.5502363619998621, 0.6168516056415753, 0.6371445430162996, 0.5528936558923783, 0.5402872247246507, 0.5188710423894584, 0.5124908445266109, 0.5190855238003472, 0.5139432688014576, 0.5217295721316109, 0.4830431054575375, 0.5051053518685289, 0.524180291512142, 0.4859257708913602, 0.47265069953168926, 0.5090221758253468, 0.4737945905746743, 0.45513363346790736, 0.5304523055879072, 0.4634609920576738, 0.45709856059223697, 0.4415937594164865, 0.5212829998268868, 0.47137800297036336, 0.44292969262590426, 0.47381832962409376, 0.45917605599180195, 0.46213936858093396, 0.4729166745949096, 0.4523149548580471, 0.5226916906932673, 0.42460458914930826, 0.44213857704077286, 0.43809618048679333, 0.4632918258873038, 0.4747355693873887, 0.486148419209753, 0.4377662183734746, 0.4616501715998299, 0.45391310434847976, 0.43166819917032134, 0.43113099577756353, 0.4313439782768393], "test acc": [59.36, 64.33, 74.24, 75.16, 76.3, 78.74, 78.94, 81.12, 78.86, 78.33, 81.24, 81.63, 82.12, 82.47, 82.39, 82.74, 82.81, 83.91, 82.64, 82.45, 83.44, 84.24, 83.01, 84.24, 84.94, 82.84, 84.64, 84.85, 85.54, 83.38, 84.16, 85.15, 84.11, 84.69, 84.79, 84.45, 84.72, 83.17, 85.57, 85.32, 85.44, 84.59, 83.9, 84.13, 85.44, 84.55, 84.98, 85.66, 85.62, 85.81], "train acc": [45.095555555555556, 61.25555555555555, 69.40444444444445, 73.38222222222223, 75.75111111111111, 77.43333333333334, 78.67333333333333, 79.41111111111111, 80.06, 80.72, 81.53777777777778, 82.05111111111111, 82.28444444444445, 82.26, 82.74888888888889, 83.18222222222222, 83.66222222222223, 83.93555555555555, 84.08666666666667, 83.92888888888889, 84.31777777777778, 84.63555555555556, 84.69777777777777, 84.66666666666667, 85.23777777777778, 85.06, 85.16, 85.32444444444444, 85.44, 85.73333333333333, 85.43333333333334, 85.64444444444445, 85.82666666666667, 85.95333333333333, 85.96222222222222, 86.05777777777777, 85.8, 86.37333333333333, 86.1, 86.28, 86.36222222222223, 86.41777777777777, 86.42, 86.61555555555556, 86.52888888888889, 86.47777777777777, 86.64222222222222, 86.86, 86.76444444444445, 86.81111111111112], "val acc": [57.14, 61.88, 71.92, 73.18, 73.72, 75.06, 77.02, 79.0, 77.1, 77.58, 79.64, 80.72, 80.46, 80.24, 81.24, 81.0, 80.96, 82.26, 80.76, 81.74, 82.68, 81.72, 81.72, 83.16, 83.32, 81.56, 83.08, 82.76, 83.82, 80.74, 81.66, 82.94, 83.38, 83.0, 83.7, 83.06, 83.86, 82.16, 84.68, 84.76, 84.06, 83.74, 82.88, 83.76, 84.5, 83.4, 83.26, 84.26, 84.42, 84.52]}