,final ssl loss,final train loss,final val loss,final test loss,test acc,train acc,val acc
0,3.112610677739123,0.2608107050405413,0.263604354357355,0.2515729837255731,92.8242163491088,92.3131758960125,92.62899262899263
