{"final ssl loss": [3.9030869215518447, 3.859385480413904, 3.7849889393452996, 3.716620002593194, 3.6617741651468343, 3.6407746418372735, 3.5825805739089325, 3.5431900116113515, 3.527812677663523, 3.5840725431909095, 3.4697178969016442, 3.4523245112879293, 3.4592478892186307, 3.443183432925831, 3.4362468952899214, 3.40707133116422, 3.3896873205691787, 3.3942732685929413, 3.402386876252981, 3.370267918893507, 3.3514188169599413, 3.3474984894265662, 3.3978714201000186, 3.374978424785854, 3.3265583073342597, 3.317355638617402, 3.3200870043747908, 3.362286656052916, 3.40348227040751, 3.299584006929731, 3.3049838726337137, 3.3075529386947204, 3.293741015287546, 3.28913238248625, 3.297175371563518, 3.259241184988222, 3.277165600469896, 3.2734328108234005, 3.2916379783537004, 3.3298361268076864, 3.251600314687182, 3.2477517286380686, 3.2395834455956947, 3.2257701925464444, 3.220835545679906, 3.2252768819982354, 3.2303275803585985, 3.303674781239116, 3.227518420953017, 3.2170916895766357, 3.2528186194546573, 3.2046161439868954, 3.228807912006245, 3.2168782624331387, 3.2351530973727884, 3.2526980296715156, 3.1896483881490214, 3.2035239409733487, 3.1955605020056237, 3.2074682337420803, 3.1939004984768955, 3.199816787159526, 3.1829775496796295, 3.1788285778952647, 3.1582465013424, 3.1776106132493984, 3.15412049610298, 3.1708877386746708, 3.204733723527068, 3.1686528912791005, 3.1536069374818068, 3.140522732601299, 3.140324539237923, 3.147513928113284, 3.156547357152392, 3.140998251788266, 3.149607054003469, 3.140801937430055, 3.142570578134977, 3.1327804468728444, 3.123695071760591, 3.1233453108714175, 3.1217474645667975, 3.117924873645489, 3.136542834602036, 3.1231918918502912, 3.112355053841651, 3.1138906678953373, 3.115193045222676, 3.112610677739123], "final train loss": [1.094811601019322, 0.5007539574528626, 0.40524394442912504, 0.3645881731460781, 0.348073220032293, 0.3336835188925816, 0.3222843605978889, 0.313793662492654, 0.3081913473304182, 0.30106741432615675, 0.29762391654764603, 0.2921270553685981, 0.291004381253267, 0.2901754339931877, 0.28571080715901165, 0.2828160330995715, 0.28119411493467655, 0.28052424656228137, 0.27588579081738174, 0.27642765159464283, 0.2733736065112882, 0.27534315093614303, 0.2735482489894434, 0.26871454812656803, 0.27229272135592586, 0.2689161389317835, 0.27009337578530973, 0.26982295624315306, 0.26945996606945705, 0.2641631434565389, 0.2681054936758975, 0.265728349030589, 0.263068110694271, 0.26477278005250415, 0.26501746400187587, 0.26227305915924254, 0.2588413639277878, 0.2635739427150265, 0.26371614482752664, 0.26349757258562945, 0.26077665670872935, 0.2620959827059149, 0.2590002155655336, 0.26223495102061384, 0.2605832239526176, 0.2589919519312915, 0.25911312578548756, 0.2570352016553673, 0.25857719169881727, 0.2608107050405413], "final val loss": [0.6264775673895424, 0.4324782458520352, 0.3760367562042704, 0.32531803810570437, 0.3189143481700962, 0.3143171396139017, 0.3265473698164178, 0.3154474138139898, 0.28815156144931847, 0.28812373473459457, 0.2791022349913568, 0.30547979796167024, 0.3065780596278901, 0.29615922342969603, 0.28385238761009085, 0.2813078250703463, 0.2942186469643267, 0.2600364642925398, 0.2759947163910975, 0.2735729896581394, 0.2696715552831581, 0.27239785338528294, 0.27954328666933237, 0.2853970303318126, 0.2665747423782359, 0.2597276113081447, 0.283066501068236, 0.2830353033074125, 0.3085816988160256, 0.2741105316336954, 0.2858675841290878, 0.266610563854691, 0.2692806453781617, 0.26519924396136574, 0.3064075409227323, 0.267979261998136, 0.2949395919356934, 0.2554775365307016, 0.2683519857842068, 0.28343439701635503, 0.2633249902381972, 0.268935442023695, 0.28502817932662744, 0.2661075427493804, 0.2571285890992812, 0.2653960681898625, 0.28657062389119226, 0.2750052896177795, 0.2775891930491188, 0.263604354357355], "final test loss": [0.5745974949467241, 0.4011338829504514, 0.356838113761047, 0.3075023947205825, 0.3040986920018161, 0.305107564296967, 0.291466039433247, 0.2632122992845973, 0.2543351133777337, 0.2507528977042993, 0.24383456513562515, 0.25366462108448, 0.27135970849653646, 0.26984199480650173, 0.2432784567065354, 0.25526278833481103, 0.2589538660145271, 0.2344885620680988, 0.23657331170991328, 0.252865798960735, 0.2639794728909768, 0.28220036276015487, 0.2698664448157648, 0.2617330404738747, 0.2436667088174927, 0.24573487660925405, 0.2574883403991068, 0.2811402369351229, 0.272978099597348, 0.2503681802319555, 0.24583309560016492, 0.23267216267206087, 0.24068928900099285, 0.2690268305630288, 0.29178777629170904, 0.24230394569850305, 0.2603028184558089, 0.2334012197277964, 0.2461065526866338, 0.23830301638381413, 0.25590802955496095, 0.24813621568880262, 0.2576483532841288, 0.2401485246008649, 0.25042863935861437, 0.23318482477204183, 0.282158336449982, 0.27059123473109203, 0.25821638997891316, 0.2515729837255731], "test acc": [82.17962507682851, 87.58066994468346, 89.31699446834665, 90.77673632452367, 90.90734480639213, 90.81130915795943, 91.41825445605409, 92.5860479409957, 92.90872771972957, 92.54763368162261, 92.92025199754148, 92.46312231100184, 91.87154271665642, 92.02904118008605, 93.09311616472034, 92.53226797787339, 92.43239090350338, 93.12768899815612, 93.33896742470804, 92.8741548862938, 92.38629379225569, 91.71020282728949, 92.26720958819914, 92.27489244007376, 92.98171481253841, 92.80885064535956, 92.59373079287032, 92.0597725875845, 91.9598955132145, 92.8242163491088, 92.86263060848187, 93.30055316533497, 93.36585740626921, 92.21342962507683, 91.43746158574062, 92.95866625691457, 92.35940381069453, 93.3082360172096, 92.83574062692071, 92.99708051628765, 92.56684081130916, 92.83574062692071, 92.37092808850646, 93.19683466502765, 92.95866625691457, 93.63091579594345, 91.64105716041794, 92.22111247695145, 92.57452366318377, 92.8242163491088], "train acc": [62.855106095766786, 84.49742913045456, 87.58398932217015, 88.80192928971198, 89.59518284266885, 89.93948218592165, 90.28074805478455, 90.73121900168358, 90.76307048277745, 91.0664179217667, 91.10281961444541, 91.33488040527217, 91.41830095099422, 91.44560222050325, 91.5912089912181, 91.60637636316756, 91.66552911377046, 91.67614627413508, 91.90820706496186, 91.75198313388239, 91.83388694240949, 91.93550833447088, 91.81265262168024, 92.01892888019293, 91.9097238021568, 92.00224477104852, 91.98252718751422, 92.03409625214239, 91.86118821191852, 92.20397081797637, 92.03257951494744, 92.09779921433014, 92.14785154176336, 92.13723438139874, 92.23582229907024, 92.18576997163701, 92.41934749965874, 92.21307124114605, 92.10386616310991, 92.1918369204168, 92.35716127466594, 92.28587462650347, 92.22975535029046, 92.33592695393669, 92.25705661979949, 92.29194157528325, 92.32530979357207, 92.32379305637713, 92.30104199845293, 92.3131758960125], "val acc": [80.26208026208026, 86.88233688233689, 88.62953862953863, 90.18564018564018, 90.4040404040404, 90.82719082719083, 90.34944034944034, 90.84084084084084, 91.55064155064154, 91.46874146874147, 91.83729183729184, 90.9090909090909, 90.96369096369096, 91.23669123669124, 91.89189189189189, 91.82364182364182, 91.38684138684138, 92.62899262899263, 92.2058422058422, 92.3013923013923, 92.28774228774229, 91.86459186459186, 91.86459186459186, 91.83729183729184, 92.45154245154245, 92.72454272454273, 91.46874146874147, 91.7007917007917, 91.16844116844116, 91.93284193284194, 91.61889161889162, 92.2058422058422, 92.39694239694239, 92.05569205569205, 91.16844116844116, 92.50614250614251, 91.57794157794157, 92.88834288834289, 92.23314223314223, 91.83729183729184, 92.66994266994267, 92.23314223314223, 91.74174174174175, 92.46519246519246, 92.75184275184276, 92.42424242424242, 91.83729183729184, 92.17854217854217, 91.87824187824188, 92.62899262899263]}