,final ssl loss,final train loss,final val loss,final test loss,test acc,train acc,val acc
0,3.9935801531248813,0.3059338351990892,0.3164341891892092,0.2481940858940198,92.99323909035034,90.73425247607346,90.15834015834015
