{"final ssl loss": [2.5843641339740437, 2.5352286298815327, 2.522226219140613, 2.5100581290321986, 2.5051352420628605, 2.49570605712114, 2.494421410041643, 2.4933266035268002, 2.4851761253481484, 2.4834477956407963, 2.4796104397572263, 2.4734968789561, 2.4724736677699752, 2.4702427460503182, 2.4709398294685743, 2.4704745580536454, 2.463105770903574, 2.4635601283340844, 2.4695288336689125, 2.464539679919254, 2.464759665323128, 2.4610914477312917, 2.455210661308103, 2.460601868763776, 2.4676936348940743, 2.469628338624512, 2.4685571418071066, 2.4689571935297128, 2.4622185381365496, 2.459675871913778, 2.468557571937424, 2.4681606147719712, 2.4655563263520692, 2.4649231751352816, 2.462858873201241, 2.4665371951922563, 2.456480780728495, 2.463900177182675, 2.468526693068149, 2.4821384185102318, 2.4773807105883745, 2.4687481753804774, 2.4670096118379954, 2.4692279758282414, 2.4689977127824947, 2.476970316811194, 2.4826762699134526, 2.490191051505134, 2.4920566339956816, 2.489805711826808], "final train loss": [1.5487142697071978, 1.1260999523754567, 0.895994088627721, 0.7864190992007631, 0.7195340935101133, 0.6724790298587139, 0.638063912897476, 0.6032079331571529, 0.5862641441182371, 0.5628245718613023, 0.5508364379384794, 0.5349080015368384, 0.5263166642021693, 0.5091559855424943, 0.502400633686387, 0.4938334086175158, 0.4873619380207797, 0.48615409188136705, 0.4716387766584828, 0.4676463688010854, 0.4661377500041038, 0.4620744870246177, 0.45169805285773046, 0.4487939894241734, 0.44065721981709277, 0.4412588659533602, 0.43666265182615427, 0.4364235557472782, 0.43011614962268485, 0.427596403737291, 0.42773339895276036, 0.4239587363679102, 0.41906147555586454, 0.42140664248949006, 0.4150357960479092, 0.42008230975526567, 0.4092933402026725, 0.4142513207948284, 0.41645915279934065, 0.40842210458010414, 0.4072615008088995, 0.40900244774573563, 0.4078044904489931, 0.39821961208616663, 0.4002002613101348, 0.40189248949882406, 0.3999858528783369, 0.39619691933914963, 0.39398771445528363, 0.39335775283226837], "final val loss": [1.1820163297805057, 1.0219505807017064, 0.8339384900536507, 0.7463061815234506, 0.7358909289168704, 0.6471538664239227, 0.6197720008670904, 0.6968246514250518, 0.5965771667516915, 0.6246853642592765, 0.6076004938904647, 0.6073910488634352, 0.5696447881733536, 0.6322378416539757, 0.5618209617722566, 0.6042634031385373, 0.5480977463874088, 0.5386501169128782, 0.5685119941166252, 0.5199637863856212, 0.5528977945162232, 0.5594109524587157, 0.489634515468482, 0.5319350948379298, 0.5178451066374019, 0.5062718627748976, 0.5233428596880785, 0.48073608347564745, 0.5131899051036045, 0.5589580519753656, 0.5057799509566301, 0.5078472850049377, 0.49610247610101277, 0.4832601421008444, 0.5280605363807861, 0.4882266669516351, 0.5102898078929087, 0.49481288082660385, 0.49712439275281445, 0.5287085021757016, 0.4844706826813661, 0.5203681689254038, 0.46856474753018396, 0.4883525098205372, 0.5040364759932657, 0.4968006311898019, 0.4862778742032446, 0.4760551581242282, 0.4901628674595219, 0.45423461724618436], "final test loss": [1.1007715749283569, 0.9943353493754475, 0.7785915852354738, 0.7009449310767384, 0.6796658077179053, 0.5895573960992094, 0.5704701069159249, 0.6282247735288577, 0.5616028565473069, 0.6006093240869693, 0.5748903139140278, 0.5521027360813686, 0.5710545073682889, 0.6050340320688848, 0.5442044306724978, 0.5727287187648658, 0.5228025283152684, 0.5111553256218426, 0.5353495763799253, 0.47654162161647323, 0.5245391797905151, 0.5289036639201374, 0.4585659687463849, 0.48653105786814094, 0.4902277817122472, 0.4674784025064292, 0.48964094325376395, 0.4498112166818148, 0.4742338568829119, 0.546830744312975, 0.48692428018338385, 0.47404975384569015, 0.469045865150115, 0.46768884332225724, 0.48936358684548936, 0.46979765510692384, 0.47445218614972057, 0.45540446033493015, 0.45272634806819617, 0.4988869789261787, 0.47118954512829214, 0.47230431616020657, 0.4458595025368011, 0.45234058604548916, 0.46450875923275564, 0.4743637448539749, 0.4573426193798693, 0.4608607562348104, 0.4623787285278019, 0.458099276232072], "test acc": [58.87, 65.91, 73.13, 75.9, 76.92, 79.75, 80.41, 79.14, 81.17, 79.58, 80.56, 81.45, 80.83, 80.04, 81.42, 80.17, 82.33, 82.69, 81.42, 83.65, 82.35, 82.27, 84.76, 83.8, 83.88, 84.15, 83.21, 84.88, 83.99, 82.2, 83.67, 84.16, 84.2, 84.19, 83.85, 84.68, 84.1, 84.46, 84.91, 83.64, 84.14, 84.07, 85.04, 84.75, 84.67, 83.48, 84.98, 84.56, 84.46, 84.94], "train acc": [42.473333333333336, 59.86888888888889, 68.47333333333333, 72.63333333333334, 75.05333333333333, 76.92222222222222, 78.05111111111111, 79.25555555555556, 79.74222222222222, 80.64222222222222, 81.21777777777778, 81.56, 81.89111111111112, 82.47777777777777, 82.73777777777778, 83.16222222222223, 83.39111111111112, 83.3488888888889, 83.98, 84.12, 83.97555555555556, 84.2088888888889, 84.53111111111112, 84.50444444444445, 84.8711111111111, 84.86, 84.98, 85.0, 85.29333333333334, 85.27777777777777, 85.32222222222222, 85.39555555555556, 85.78444444444445, 85.48666666666666, 85.88888888888889, 85.61777777777777, 86.03555555555556, 85.99333333333334, 85.85555555555555, 85.99555555555555, 86.01333333333334, 85.99777777777778, 86.00666666666666, 86.34, 86.29777777777778, 86.22888888888889, 86.21333333333334, 86.26666666666667, 86.31777777777778, 86.46], "val acc": [56.12, 64.08, 70.74, 74.12, 74.7, 77.78, 78.42, 76.02, 79.54, 78.38, 79.42, 79.16, 80.38, 79.06, 81.06, 79.4, 80.98, 81.1, 80.14, 82.14, 81.08, 80.24, 82.66, 81.5, 82.64, 82.4, 82.58, 83.62, 82.32, 81.1, 83.2, 82.74, 83.46, 83.4, 82.38, 83.34, 82.6, 82.88, 83.6, 81.92, 83.7, 82.04, 83.48, 83.0, 82.94, 82.9, 84.04, 83.74, 83.58, 85.08]}