,final ssl loss,final train loss,final val loss,final test loss,test acc,train acc,val acc
0,-0.9957567453384399,0.2603312093296397,0.24559672531472543,0.251136517036633,92.65903503380454,92.35412780027605,93.02484302484302
