{"final ssl loss": [-0.9773220419883728, -0.9848490953445435, -0.986717164516449, -0.98587965965271, -0.9839422106742859, -0.9851713180541992, -0.9857950210571289, -0.9868393540382385, -0.9880564212799072, -0.988859236240387, -0.9888983368873596, -0.9883378148078918, -0.9898911714553833, -0.9856475591659546, -0.9872951507568359, -0.9856249094009399, -0.9906393885612488, -0.9922367930412292, -0.9929189682006836, -0.9916046857833862, -0.9910743236541748, -0.9918911457061768, -0.9883083701133728, -0.9918415546417236, -0.9941335916519165, -0.9940487146377563, -0.9887998104095459, -0.9904260039329529, -0.9878919720649719, -0.9897747039794922, -0.9904603362083435, -0.9892632365226746, -0.9907507300376892, -0.9911291003227234, -0.9911713600158691, -0.992154598236084, -0.9931240081787109, -0.9932342767715454, -0.9937949776649475, -0.9940270781517029, -0.9933738112449646, -0.9942205548286438, -0.9947863817214966, -0.9943748116493225, -0.9945853352546692, -0.9933511018753052, -0.9943179488182068, -0.994399905204773, -0.9947631359100342, -0.9945821762084961, -0.9939330816268921, -0.9931262731552124, -0.9933728575706482, -0.9948957562446594, -0.9948066473007202, -0.9948480725288391, -0.9949209690093994, -0.9955730438232422, -0.9954484701156616, -0.9956177473068237, -0.9956085681915283, -0.9956041574478149, -0.9957155585289001, -0.9958076477050781, -0.9964026212692261, -0.996321976184845, -0.996342122554779, -0.9956617951393127, -0.9953625202178955, -0.9953521490097046, -0.9957078695297241, -0.9958829879760742, -0.996049165725708, -0.9953686594963074, -0.9951146245002747, -0.9954469799995422, -0.9958247542381287, -0.9939221739768982, -0.9951647520065308, -0.9952681660652161, -0.9954438209533691, -0.9918633103370667, -0.9932725429534912, -0.9949228763580322, -0.9953560829162598, -0.995145320892334, -0.994779646396637, -0.9938387274742126, -0.994025707244873, -0.9957567453384399], "final train loss": [1.2028454725297546, 0.49604356139609096, 0.4034839643148298, 0.3702063530747684, 0.3483596481635899, 0.3325276718055129, 0.322098954159573, 0.31483318223647344, 0.30956416469192055, 0.3015384997554351, 0.29945797689145176, 0.29328613209256643, 0.2911603057667548, 0.28922746257927884, 0.2864451854589609, 0.2827393796777534, 0.2802924723868258, 0.2805938944545896, 0.27850572177656774, 0.2763755023425236, 0.2760999799271786, 0.276313167576909, 0.2742797746700368, 0.27283720435029685, 0.2699993126128684, 0.26901689235370446, 0.2721639105093054, 0.2688298077369538, 0.26819256881422743, 0.2664554033022643, 0.26795163027190255, 0.2662137515105448, 0.26491916497282714, 0.26340373619814295, 0.26549505376926236, 0.2666436621290259, 0.263015376993178, 0.2640426922693473, 0.26471159458458643, 0.2591500473156759, 0.2605376103856772, 0.26159987818225605, 0.2603985529179671, 0.2630222433990917, 0.25756632137053126, 0.25881808314902627, 0.2605700058738752, 0.25620093442407454, 0.25851832519993473, 0.2603312093296397], "final val loss": [0.5919589369708274, 0.4401324130432054, 0.37023039733153246, 0.3550791233029688, 0.3202822422812079, 0.31423601055086703, 0.31660424621051836, 0.3297549431582335, 0.3088883383272777, 0.29425726378718836, 0.44445780645161215, 0.29242250597405384, 0.28195395349935676, 0.2952698087075717, 0.27769476972422746, 0.26595770234575566, 0.30107314076160757, 0.3098508836091476, 0.2779324526927031, 0.2705717143810082, 0.2770644763167378, 0.26583326022307424, 0.27314989341170764, 0.29855104081950856, 0.2776779827527604, 0.2657638164847178, 0.2730832208867091, 0.27605197651872987, 0.2880789485625825, 0.2606814883600546, 0.27668941046993806, 0.28364051588278216, 0.28039688278624064, 0.2603250593597712, 0.2649946509571705, 0.2755887601687268, 0.26884962371082805, 0.277793270129076, 0.25696999686221106, 0.27862677696327715, 0.2611009993195924, 0.2859763290781902, 0.27299354674384063, 0.26361018006880993, 0.2753907307803501, 0.2717953971526118, 0.2578279873331822, 0.29214662023897253, 0.3140263567357344, 0.24559672531472543], "final test loss": [0.5494402727382189, 0.406280271216989, 0.3689759292614621, 0.3336006185058184, 0.31371822719592646, 0.29365555280178823, 0.30553783842245763, 0.26341575537510764, 0.29332611996094704, 0.2660987200695994, 0.355748854958537, 0.2632214828138068, 0.25954870716153805, 0.2600855068406616, 0.2364428149632359, 0.24472172265467337, 0.2534319510281827, 0.2724473681870084, 0.22218697138516236, 0.2517883704634296, 0.248844677187658, 0.2736842016508135, 0.26462411418464493, 0.2548981324851934, 0.2859144085464445, 0.27159469425609606, 0.2506223097741055, 0.2529762959318277, 0.2629362304148056, 0.2259240062645332, 0.2429816325650498, 0.26841589663617077, 0.262551225450105, 0.2645709520710417, 0.25169808053725035, 0.2526939633068988, 0.23939460401448445, 0.2506421100764698, 0.23808097363397004, 0.243559542090886, 0.2475353907599258, 0.27582722889140465, 0.23660096876650444, 0.25069883518282515, 0.24826631421899464, 0.25868076584885397, 0.2472536189404959, 0.2860715203484891, 0.2977756445332721, 0.251136517036633], "test acc": [83.07467732022127, 87.46926859250154, 89.22480024585126, 89.95082974800246, 90.67685925015365, 91.33758451137062, 90.97264904732637, 92.25952673632452, 91.5219729563614, 92.1519668100799, 89.89320835894284, 92.31714812538414, 92.39781807006761, 92.56684081130916, 93.40427166564228, 93.04317762753534, 92.78964351567302, 92.05593116164721, 93.68085433312845, 92.62062077443147, 92.85878918254456, 92.16349108789183, 92.55147510755992, 92.55915795943454, 91.70251997541487, 92.25184388444991, 92.60909649661954, 92.75507068223725, 92.38245236631838, 93.6078672403196, 92.98939766441303, 92.25952673632452, 92.39781807006761, 92.20958819913952, 92.63982790411801, 92.59373079287032, 92.95482483097726, 92.81269207129687, 93.0700676090965, 93.15842040565458, 92.9279348494161, 91.79087277197296, 93.19299323909036, 92.75891210817456, 92.81653349723418, 92.62830362630608, 93.00860479409957, 91.74093423478796, 91.30685310387216, 92.65903503380454], "train acc": [58.43836738408336, 84.56568230422715, 87.73414630446983, 88.70182463484552, 89.56029788718509, 89.96830019262562, 90.31714974746326, 90.61139676328283, 90.70695120656444, 91.11647024919992, 91.07096813335153, 91.283311340644, 91.40768379062959, 91.35914820039132, 91.48958759915669, 91.5881755168282, 91.68676343449971, 91.64884500462605, 91.68979690888959, 91.8111358844853, 91.80961914729035, 91.90669032776691, 91.78383461497626, 91.85815473752862, 92.02954604055755, 92.01892888019293, 91.91124053935175, 92.04471341250701, 92.1524017533482, 92.13116743261895, 92.02651256616765, 92.19335365761175, 92.15088501615325, 92.25705661979949, 92.17970302285723, 92.21307124114605, 92.2934583124782, 92.22823861309551, 92.21913818992583, 92.44058182038798, 92.31620937040239, 92.29952526125798, 92.2934583124782, 92.24492272223992, 92.30559221003777, 92.37384538381035, 92.355644537471, 92.44513203197282, 92.41024707648906, 92.35412780027605], "val acc": [81.58613158613159, 86.34998634998635, 88.68413868413869, 89.1072891072891, 90.43134043134043, 90.77259077259077, 90.85449085449085, 90.64974064974065, 90.92274092274093, 91.25034125034125, 87.25088725088725, 91.74174174174175, 91.96014196014195, 91.34589134589135, 91.76904176904176, 92.35599235599236, 90.85449085449085, 91.07289107289107, 91.86459186459186, 92.24679224679225, 91.74174174174175, 92.51979251979252, 91.93284193284194, 91.35954135954135, 91.82364182364182, 92.34234234234235, 91.74174174174175, 92.27409227409227, 91.75539175539176, 92.42424242424242, 91.91919191919192, 91.96014196014195, 92.12394212394213, 92.24679224679225, 92.38329238329239, 92.11029211029211, 92.27409227409227, 92.17854217854217, 92.53344253344254, 92.05569205569205, 92.68359268359268, 91.57794157794157, 92.2058422058422, 92.43789243789244, 92.02839202839203, 92.06934206934207, 92.65629265629265, 91.5096915096915, 90.66339066339066, 93.02484302484302]}