{"final ssl loss": [-0.9659952725287463, -0.9900938375853409, -0.9908587233423406, -0.9910260627445773, -0.9913652644192823, -0.9915666493748723, -0.9921022196584729, -0.9928612715034518, -0.9931625580881401, -0.9935920681428472, -0.9940140220784579, -0.9944003632153002, -0.9948633372288909, -0.9951761148547751, -0.9954052225321649, -0.9955187577668003, -0.9957144377845091, -0.9958465868544506, -0.9960355285527457, -0.9960615327390535, -0.9961517490430293, -0.9962070163497242, -0.9962391940304784, -0.9963200098304782, -0.996279649231412, -0.9962904542333021, -0.9963567520708639, -0.9964183844193042, -0.9964379415651657, -0.9964865063048179, -0.9964738708752741, -0.9965992852453063, -0.9965624694690896, -0.9966213324800127, -0.9964913136316419, -0.9966210129741188, -0.9965125639243853, -0.9965404542630913, -0.9962850415378536, -0.996390105283328, -0.996213730165874, -0.9964072781913194, -0.9962966660059608, -0.9964745512119075, -0.9965476852257005, -0.9965305895772029, -0.9965414534025496, -0.9965599597203466, -0.9965517909936168, -0.996547108370438, -0.9966852792020758, -0.9966124387587351, -0.9968391666249866, -0.9966740304333198, -0.9963156652533888, -0.9967452012695772, -0.9967392022925311, -0.9968151756122468, -0.996997234887981, -0.9968819142741999, -0.9970609136625584, -0.9969854422040567, -0.9969721091475847, -0.9969943718339429, -0.9968485838724256, -0.9970793147803707, -0.9968505606947116, -0.9970602362683998, -0.9972105591564837, -0.9969130426632259, -0.9971851249509839, -0.9971630690450906, -0.997289470315969, -0.9973598426218478, -0.9974520449921678, -0.9973838642831971, -0.9973049170849051, -0.9970636328738451, -0.9970457789261511, -0.9973463733261878, -0.9973907734484274, -0.9965911125865968, -0.9972658734646569, -0.9974993105640886, -0.9971322750826495, -0.9970857515351749, -0.9974042712314101, -0.9970101146470933, -0.9973629054516984, -0.9972972366527576, -0.9972275625987571, -0.9973557347186844, -0.9969537841435238, -0.9974432011627641, -0.9974736010679359, -0.9969460337950496, -0.9972143055518781, -0.9970225595709225, -0.9972203056486271, -0.9974000030545076], "final train loss": [1.31417851790258, 0.5149427982628316, 0.4066592313580609, 0.3730600327434093, 0.348721095568228, 0.3371529710406328, 0.3246694800391077, 0.31663289177333165, 0.30736890893695223, 0.30617147662045596, 0.301267376495819, 0.29740343284908427, 0.2968271167384897, 0.29145916077420875, 0.2859379086310874, 0.28425498893696854, 0.28149000009407066, 0.28434865398911785, 0.281806386247176, 0.2772846343144883, 0.27763411305096475, 0.2778909997006879, 0.27735688431777716, 0.2734906362141006, 0.27431957916415817, 0.2731893490421532, 0.27209479880258475, 0.2694399678399122, 0.27057906811445054, 0.26763655770251915, 0.2664113340163689, 0.2675515440493912, 0.2693770995046374, 0.2679512541594724, 0.2648866774183542, 0.2629967528137332, 0.2651795698591896, 0.26456227753409, 0.2635216570709195, 0.26369403291101423, 0.26334298835287373, 0.2653558355128444, 0.2621440934414954, 0.2637075769165074, 0.26238807102313744, 0.26053394283150394, 0.26065300638601724, 0.26080267936125046, 0.26080282997884024, 0.26085651837549617], "final val loss": [0.5687862563731889, 0.45097101665219885, 0.42765713935335653, 0.39445390386352375, 0.39200281394100606, 0.37226054596198177, 0.3378294281271087, 0.34048682363402893, 0.3589409402689559, 0.3147725813969254, 0.3284807198855814, 0.34301293592525883, 0.36038227636350817, 0.2990396196047031, 0.33549784550109807, 0.3154830675425748, 0.3055485276643626, 0.29747303879482256, 0.3319376387336499, 0.30524177340928904, 0.30587914605588373, 0.2977440418211914, 0.30757626619466527, 0.318489180137627, 0.3000597651380899, 0.3110861996245697, 0.30075012210870417, 0.3060688945143504, 0.31832089431291066, 0.29544539877323345, 0.30258209795150176, 0.3002727886084386, 0.2838650339783279, 0.28689408621152934, 0.2859880486137221, 0.2959343331772427, 0.2851090600884898, 0.3046011129418575, 0.30560240720492265, 0.29189195109767163, 0.2991371430684385, 0.2960370620753307, 0.29675567017534676, 0.29284215597313823, 0.3132253565284623, 0.2955923205705189, 0.3047994803962619, 0.2957929847151952, 0.30937955798540573, 0.2882845692548039], "final test loss": [0.5376910579823305, 0.3749931904462141, 0.40382583979379927, 0.3669038977570081, 0.31706045637666924, 0.3399899758018681, 0.2785667300530931, 0.2912508412224243, 0.27913703454809413, 0.2758448974673318, 0.3026546398360804, 0.2715204182534, 0.3306406326511879, 0.2584031238054733, 0.3108213871079028, 0.2645141676855468, 0.2716883827288033, 0.2748451126014004, 0.2803118992173536, 0.2805283852819701, 0.27675251015953956, 0.2680582188731128, 0.2600337572879769, 0.28661502435167274, 0.26109861690294756, 0.25117104447787714, 0.2540222963029908, 0.2844460277053864, 0.27298366853564576, 0.2645403236111841, 0.2553232512905901, 0.2817447779752218, 0.24207920952258444, 0.24755445808282062, 0.24612198433557328, 0.24945202546654136, 0.23235926528047102, 0.25277421161697156, 0.2993339715017514, 0.23819990916702788, 0.29249687456807316, 0.24458040085767627, 0.23930174909950822, 0.24760332611087407, 0.2547714903084584, 0.24716709238758508, 0.2466569946877457, 0.24285301633513273, 0.260984138261266, 0.23361255127263852], "test acc": [83.01321450522434, 88.62553779963122, 87.60755992624462, 89.15181315304241, 90.35033804548249, 89.86631837738169, 91.94068838352797, 91.56038721573448, 91.83312845728334, 92.09050399508297, 91.1839274738783, 92.07513829133374, 90.63844499078058, 92.50921942224954, 90.86893054701905, 92.3939766441303, 92.21727105101414, 92.32483097725876, 91.8600184388445, 91.74477566072527, 91.9560540872772, 92.26720958819914, 92.53226797787339, 91.64874001229256, 92.45928088506453, 92.7320221266134, 92.4938537185003, 91.59880147510756, 92.09050399508297, 92.23263675476336, 92.50537799631223, 91.71020282728949, 93.0700676090965, 93.08543331284572, 93.07775046097112, 92.77811923786109, 93.54640442532268, 92.82805777504609, 91.21850030731407, 93.08927473878303, 91.21465888137676, 93.14689612784265, 93.17762753534112, 93.03933620159803, 92.76275353411187, 92.79732636754764, 93.00092194222495, 93.10848186846958, 92.47848801475108, 93.47725875845114], "train acc": [54.05954710227359, 84.25778465365306, 87.53242025754197, 88.59110281961445, 89.4950781878024, 89.74230635057863, 90.32473343343798, 90.51584232000121, 90.7873382778966, 90.89806009312767, 91.07096813335153, 91.2014075321169, 91.08006855652121, 91.32274650771261, 91.42436789977401, 91.43953527172347, 91.72316512717842, 91.52143908025056, 91.57755835646357, 91.79900198692573, 91.75198313388239, 91.77473419180659, 91.8900062186225, 91.8505710515539, 91.76108355705207, 91.94005854605572, 91.96735981556476, 92.01286193141314, 92.03257951494744, 92.11144984908465, 92.15695196493304, 92.0932490027453, 91.97494350153949, 92.0674644704312, 92.1129665862796, 92.27222399174894, 92.16301891371282, 92.21913818992583, 92.20093734358647, 92.14481806737346, 92.36171148625078, 92.18121976005217, 92.33592695393669, 92.25705661979949, 92.29194157528325, 92.31772610759734, 92.24643945943487, 92.35412780027605, 92.3071089472327, 92.39811317892949],