,final ssl loss,final train loss,final val loss,final test loss,test acc,train acc,val acc
0,-0.9974000030545076,0.26085651837549617,0.2882845692548039,0.23361255127263852,93.47725875845114,92.39811317892949,91.65984165984166
