{"final ssl loss": [2.644942947640175, 2.5752476644911795, 2.5535202022200854, 2.5450005812538716, 2.5341954862462117, 2.5217915027096782, 2.5252072978821736, 2.515367927484608, 2.512883774106187, 2.497721823712737, 2.4869638619437495, 2.49009892720747, 2.485374144978688, 2.496926289554661, 2.4916668537143227, 2.4864363975533235, 2.489313873884302, 2.4894909588933354, 2.490773325458058, 2.481882525094475, 2.490753241947719, 2.497564850128494, 2.502860064483616, 2.504296199053643, 2.5092419081246713, 2.517908037047347, 2.5293111550125715, 2.5350480796260677, 2.535647106253981, 2.5377277595708336, 2.538224307560619, 2.5398264150007055, 2.5395530262801675, 2.547252445983387, 2.548954784635791, 2.5494802438728463, 2.572100623615343, 2.571159512572749, 2.577129805228657, 2.5858734857051746, 2.591607714490945, 2.587086217275297, 2.5988752192001043, 2.612049810331219, 2.6162580009525445, 2.611527009529024, 2.611707436147867, 2.614038447512972, 2.6227748309644148, 2.6145594198144435, 2.626111629489417, 2.6230060123053636, 2.629870915527477, 2.6306574507122114, 2.6410911803997568, 2.635420026400038, 2.6400002834316734, 2.649429820832752, 2.653494773446446, 2.653536712305678, 2.648716582956143, 2.648322337785107, 2.649264403751918, 2.6480420049281554, 2.6547878921787103, 2.6636846859208254, 2.6728919699182674, 2.6879346062388154, 2.6938988261474903, 2.6977275774019573, 2.70276408832945, 2.6931332360713856, 2.6948971466082785, 2.695956181729918, 2.7019552182505464, 2.7067385242723803, 2.710048294317363, 2.728786462360514, 2.7222989366897177, 2.7207973849153664, 2.715840553706158, 2.704047812494767, 2.704626327625473, 2.717868200083808, 2.720603092626069, 2.7082919768237192, 2.7156199509006966, 2.722375333856005, 2.719866222562411, 2.7208221150361176, 2.7197771145298577, 2.720355684656199, 2.7158552670176763, 2.7159641938940724, 2.7227162621124386, 2.7287091470379243, 2.741128526540134, 2.7330335322922106, 2.7371926050406974, 2.7514474546091687], "final train loss": [1.0611196029307715, 0.46485098308582207, 0.39007296046257484, 0.357375364357489, 0.33599910614420087, 0.32774992999726926, 0.31297206606992467, 0.3095491952039139, 0.299434078071937, 0.2966417653358703, 0.29137936571124023, 0.2903522738255109, 0.2874051300010769, 0.28383810877933746, 0.2786184610986033, 0.28073416175054133, 0.27679804023011817, 0.2767282998201079, 0.27300248151664946, 0.27194869405084343, 0.2726673852916209, 0.2718711785849207, 0.27109782469415045, 0.27171898964107444, 0.2694624645022286, 0.2676223521968119, 0.2679076225583589, 0.2651514764197355, 0.26458634607776754, 0.2641329006739286, 0.2648584957576634, 0.2638755078940489, 0.2672115560234215, 0.26408897846176216, 0.2631117630815915, 0.26323194312354686, 0.261635599240357, 0.263653021875167, 0.2588099722869329, 0.2598049447847795, 0.2639860569439333, 0.2619488671652915, 0.25965588423841457, 0.2611668217016229, 0.25858088063364437, 0.25736822981806723, 0.258254102299289, 0.26043397447610367, 0.25819535897335255, 0.2579830884065864], "final val loss": [0.5574537062098366, 0.4229205787897631, 0.37820222832295053, 0.35829280878063374, 0.3475623602641332, 0.34376711489461914, 0.33782683169737654, 0.3109430608921176, 0.31119755483090095, 0.30841038071887983, 0.31352569190500607, 0.33606871692504425, 0.3721309888489772, 0.2974694216355486, 0.32089886560580616, 0.2955354529892513, 0.29765806551697344, 0.31217652616217145, 0.33878216051443694, 0.3106557264614964, 0.3076552363625, 0.2881849627112197, 0.29432225002862483, 0.2987856304996919, 0.3130908650081751, 0.32008302535487576, 0.30105900095051813, 0.2902109148672184, 0.30787053740050596, 0.26772014760131657, 0.30056439183945216, 0.30125070347015515, 0.29376185130669563, 0.2829952337677432, 0.3054195337778356, 0.28527499834588, 0.2882976952338323, 0.28828104216133665, 0.2897687201758269, 0.2731410174032746, 0.29459179864635116, 0.3005119715390247, 0.28850324762635354, 0.29870920080089675, 0.2813424665529655, 0.33098816238831746, 0.2883164376898884, 0.29328142974411814, 0.2797989640791604, 0.2857556124441488], "final test loss": [0.5650805793061889, 0.34436108131895266, 0.36720263789561225, 0.35546859716012597, 0.32641916747802197, 0.3021928026599475, 0.3134891064814692, 0.25930404626473746, 0.26427402459336696, 0.27369536447546994, 0.2930786621148174, 0.26793126482688145, 0.30707780978955895, 0.2611686856707865, 0.2885306189557496, 0.2558730563308462, 0.25612786206467125, 0.2791177164866184, 0.26101378173938056, 0.26538952585099224, 0.2659346608494246, 0.26780485020291417, 0.2641695752151823, 0.25979476903521753, 0.29365048054331133, 0.25440679683695555, 0.22502853690288477, 0.2382899789827251, 0.25973329460706, 0.2319674606959013, 0.2563298546425376, 0.2551679961476017, 0.2629837222518605, 0.24221010561300219, 0.27802470014304725, 0.23099012140937478, 0.22734281110762636, 0.23688954445167332, 0.24393616434122625, 0.22578173497673446, 0.26517239030386514, 0.2517237378843815, 0.24385612422865827, 0.2510325930133366, 0.23859757986016966, 0.2482462803837763, 0.24707997629318285, 0.24932739790986666, 0.24036298496694433, 0.23432126094436123], "test acc": [82.31023355869699, 89.64351567301783, 88.84065765212047, 89.3400430239705, 90.22357098955132, 91.06484326982176, 90.67301782421634, 92.390135218193, 92.36324523663184, 92.14044253226798, 91.4720344191764, 92.15580823601721, 90.71911493546405, 92.28257529194838, 91.69483712354025, 92.4938537185003, 92.42086662569146, 91.94068838352797, 92.47848801475108, 92.22111247695145, 92.37861094038107, 92.16733251382914, 92.36324523663184, 92.40934234787953, 91.20313460356485, 92.69744929317763, 93.58866011063307, 93.23140749846343, 92.42086662569146, 93.10079901659496, 92.57068223724647, 92.72818070067609, 92.19422249539029, 92.94714197910264, 91.9598955132145, 93.46957590657652, 93.66933005531654, 93.37354025814382, 92.94330055316533, 93.59634296250768, 92.20574677320221, 92.92025199754148, 93.30439459127228, 92.93177627535341, 93.28518746158574, 92.77043638598647, 92.65135218192994, 92.81269207129687, 93.18146896127843, 93.46957590657652], "train acc": [63.7772823102941, 85.70323520043682, 88.2058515720981, 89.27060108295036, 89.94403239750649, 90.21097814381702, 90.76307048277745, 90.7812713291168, 90.98299737604465, 91.25601007113498, 91.33184693088229, 91.34398082844186, 91.36976536075595, 91.57300814487874, 91.69283038327949, 91.56239098451411, 91.83540367960444, 91.77170071741669, 92.02347909177777, 92.04926362409185, 91.93247486008099, 91.88697274423261, 91.96129286678497, 91.97494350153949, 91.97494350153949, 92.0902155283554, 92.04623014970196, 92.12661722103411, 92.24037251065508, 92.24188924785003, 92.20397081797637, 92.11903353505939, 92.05988078445648, 92.15391849054315, 92.31772610759734, 92.26312356857927, 92.33137674235185, 92.21762145273088, 92.28739136369842, 92.44664876916777, 92.30255873564788, 92.22368840151067, 92.34351063991143, 92.3101424216226, 92.30862568442765, 92.39052949295476, 92.355644537471, 92.28587462650347, 92.3495775886912, 92.41328055087895], "val acc": [82.11848211848212, 87.48293748293749, 88.6022386022386, 89.01173901173901, 89.42123942123942, 89.8034398034398, 89.98088998088998, 90.92274092274093, 90.8954408954409, 91.27764127764128, 90.66339066339066, 89.87168987168987, 88.73873873873873, 91.30494130494131, 90.41769041769042, 91.37319137319137, 91.30494130494131, 90.69069069069069, 89.93993993993993, 90.8954408954409, 90.66339066339066, 91.7007917007917, 90.84084084084084, 91.07289107289107, 90.7998907998908, 90.69069069069069, 91.07289107289107, 91.68714168714169, 91.11384111384112, 92.13759213759214, 91.30494130494131, 91.48239148239148, 91.53699153699154, 91.76904176904176, 91.35954135954135, 91.80999180999181, 91.78269178269178, 91.5096915096915, 91.56429156429157, 92.12394212394213, 91.4004914004914, 91.18209118209118, 91.86459186459186, 91.20939120939121, 91.83729183729184, 90.00819000819001, 91.44144144144144, 91.30494130494131, 91.74174174174175, 91.78269178269178]}