,final ssl loss,final train loss,final val loss,final test loss,test acc,train acc,val acc
0,2.7514474546091687,0.2579830884065864,0.2857556124441488,0.23432126094436123,93.46957590657652,92.41328055087895,91.78269178269178
