,final ssl loss,final train loss,final val loss,final test loss,test acc,train acc,val acc
0,-0.9947283267974854,0.3937944143496893,0.4647780966227222,0.4208891520532556,86.06,86.61777777777777,84.52
