{"final ssl loss": [-0.987257719039917, -0.9877384305000305, -0.987937867641449, -0.9880467653274536, -0.9879238605499268, -0.9876048564910889, -0.9872510433197021, -0.9870821833610535, -0.9868505001068115, -0.9868760704994202, -0.9871642589569092, -0.987468957901001, -0.9881195425987244, -0.9884759187698364, -0.9880796074867249, -0.98736971616745, -0.9875383973121643, -0.987816333770752, -0.9882926344871521, -0.9887089133262634, -0.9890485405921936, -0.9891722202301025, -0.9886374473571777, -0.9887979030609131, -0.9882931113243103, -0.9881012439727783, -0.987834632396698, -0.987692654132843, -0.9854943752288818, -0.9829961657524109, -0.9842891097068787, -0.985725998878479, -0.9857603907585144, -0.9861339330673218, -0.9855329990386963, -0.985026478767395, -0.9853401184082031, -0.9849600791931152, -0.9839183688163757, -0.9844664335250854, -0.9859726428985596, -0.9875067472457886, -0.988282322883606, -0.988860011100769, -0.988649845123291, -0.988249659538269, -0.9879029989242554, -0.9871774911880493, -0.9852522015571594, -0.9859127402305603, -0.9874489903450012, -0.987799882888794, -0.9893410801887512, -0.9902705550193787, -0.9908614754676819, -0.9911753535270691, -0.9912784695625305, -0.9915198087692261, -0.9918280243873596, -0.9918854832649231, -0.9916298985481262, -0.9925560355186462, -0.9927331805229187, -0.9931083917617798, -0.9934185743331909, -0.9938012361526489, -0.9927894473075867, -0.9934619665145874, -0.9939954280853271, -0.9940647482872009, -0.9941021800041199, -0.9944372177124023, -0.994595468044281, -0.994701087474823, -0.9948404431343079, -0.9950568079948425, -0.9951540231704712, -0.9952465891838074, -0.9953474402427673, -0.9953356385231018, -0.9954123497009277, -0.992482602596283, -0.9925047755241394, -0.993319571018219, -0.9938165545463562, -0.99355548620224, -0.9937928915023804, -0.993937611579895, -0.994469940662384, -0.9947283267974854], "final train loss": [1.529026796907589, 1.134377359793215, 0.8975779679580708, 0.7778972550834758, 0.7104116897360179, 0.6601333950183539, 0.6268871362508402, 0.6017807014101181, 0.5838014340688764, 0.5640548421248698, 0.5464444940310043, 0.5324235687822675, 0.5170231692720663, 0.5079808460539254, 0.50134576004536, 0.49768021595800016, 0.4881342655072927, 0.4786111003882765, 0.4653393792169858, 0.46689007637258445, 0.4568347658143877, 0.455463156554194, 0.4505596605116963, 0.4461543634454452, 0.44269228164257524, 0.4422209155881498, 0.4371716766310399, 0.4337936929230497, 0.43182410447783476, 0.424066936781242, 0.4233060496691787, 0.4211548209672247, 0.42049876257364177, 0.42036728921538985, 0.41411864356149064, 0.41535862939274726, 0.4105279510145757, 0.4093645131261788, 0.40531990362242576, 0.4044890743815992, 0.4000503216110906, 0.40244605750449175, 0.4011390664228837, 0.3990672983192093, 0.39715590687798286, 0.3936907874093296, 0.39304251717860256, 0.39265639347625947, 0.3900247264306598, 0.3937944143496893], "final val loss": [1.2183550653184296, 0.9190748884419727, 0.7844352557021341, 0.8181310639639569, 0.9989411257634497, 0.7030875688525522, 0.6861481788052115, 0.638999335040712, 0.6717517668274557, 0.6599871311218116, 0.5949869556411816, 0.5750754213162289, 0.5752401497143849, 0.5582287158745869, 0.5304537233273694, 0.5238816212316987, 0.6379725655932336, 0.5301275867375599, 0.5343819490283918, 0.5157335342685129, 0.5511578643208097, 0.5350255639689743, 0.5949541392979348, 0.5333447106609679, 0.5056351983243492, 0.5197389547232609, 0.5165596514655526, 0.5332349135427717, 0.5097849469655639, 0.5038434268942305, 0.510498516024298, 0.5386448565656972, 0.47960640755808276, 0.5395338667236316, 0.5105590326296296, 0.49636751906886983, 0.48716921544378733, 0.5341935182452962, 0.5081928538004304, 0.49872047183619944, 0.5230647974712833, 0.4912913557450483, 0.49816562064514036, 0.49459259482515844, 0.4421029306805817, 0.4737901576100641, 0.4898571624497699, 0.47918605415304755, 0.488376611926753, 0.4647780966227222], "final test loss": [1.1333273493062954, 0.8655228690979199, 0.7254209407030965, 0.7429098423106221, 0.9543313429759334, 0.6458536771634897, 0.6464885612265371, 0.5919426933597451, 0.6061321582181004, 0.6175902737215304, 0.5427536648064376, 0.5481138668787746, 0.5345977772348605, 0.521844242470333, 0.5091400856788928, 0.5018681014498202, 0.6022758711926853, 0.49802833219496206, 0.47394586937686506, 0.49553462643973745, 0.5114366348368672, 0.5057882910100416, 0.5546312862739395, 0.4992793780831864, 0.4963911415669865, 0.4833715116492095, 0.4827225477027055, 0.4929547215136476, 0.46422992182520634, 0.47988951182403505, 0.48551546701322346, 0.48500831184771875, 0.46567464677004006, 0.5038071710604448, 0.48906798289416314, 0.43991726717819424, 0.4635648580071644, 0.5023387275374355, 0.4552516152326482, 0.47495366961430435, 0.474633802561619, 0.4678872160304088, 0.438060511724827, 0.4757028093543677, 0.4141497725781541, 0.4349790133845311, 0.4500981560482766, 0.44959058605443936, 0.48399771852329515, 0.4208891520532556], "test acc": [58.93, 69.13, 75.03, 75.1, 68.18, 77.88, 77.87, 79.91, 79.3, 79.22, 81.39, 81.55, 81.93, 82.82, 82.78, 83.08, 79.85, 83.01, 84.07, 83.1, 82.82, 82.95, 81.81, 83.3, 83.63, 83.72, 84.18, 83.79, 84.44, 83.89, 84.06, 83.63, 84.6, 83.59, 83.58, 85.17, 84.37, 83.3, 84.75, 84.28, 84.19, 84.44, 85.48, 84.48, 86.04, 85.19, 84.98, 85.27, 84.06, 86.06], "train acc": [43.53333333333333, 59.62888888888889, 68.45777777777778, 73.16888888888889, 75.48, 77.32, 78.59777777777778, 79.42, 79.9, 80.71111111111111, 81.27555555555556, 81.79777777777778, 82.40222222222222, 82.65777777777778, 82.93333333333334, 83.01777777777778, 83.41333333333333, 83.71333333333334, 83.94, 84.19777777777777, 84.33555555555556, 84.39111111111112, 84.61777777777777, 84.94888888888889, 84.84222222222222, 84.77333333333333, 85.25111111111111, 85.20666666666666, 85.18222222222222, 85.56444444444445, 85.57555555555555, 85.68222222222222, 85.6288888888889, 85.50222222222222, 85.95111111111112, 85.74666666666667, 85.94666666666667, 85.7911111111111, 85.99111111111111, 85.9888888888889, 86.18, 86.10444444444444, 86.27777777777777, 86.42666666666666, 86.45777777777778, 86.40444444444445, 86.51777777777778, 86.52, 86.68, 86.61777777777777], "val acc": [55.98, 67.28, 73.06, 72.72, 66.16, 75.84, 76.34, 77.98, 77.2, 77.38, 79.4, 80.6, 80.36, 81.36, 82.26, 82.22, 78.42, 82.22, 81.64, 82.62, 81.54, 81.96, 80.58, 82.24, 82.98, 82.5, 82.76, 82.34, 83.22, 83.28, 82.66, 82.06, 83.6, 82.16, 82.84, 83.34, 84.06, 82.34, 83.46, 83.02, 82.36, 83.76, 82.54, 83.82, 84.98, 84.18, 83.38, 84.36, 83.56, 84.52]}