{"final ssl loss": [5.512743018806057, 5.233450049474817, 5.09750274995225, 5.025297271762707, 4.9556152347413285, 4.912598823921018, 4.887865085150002, 4.865701937644949, 4.850666347447492, 4.832294156395672, 4.816471298281271, 4.817912244613589, 4.806653590269492, 4.797963614958349, 4.815728112769035, 4.780448707514627, 4.782117064875311, 4.778696197858999, 4.761036455554938, 4.776114798996421, 4.760160846685783, 4.755663944725495, 4.745160350421021, 4.749761285305634, 4.751175182271706, 4.735371107633838, 4.734036219715309, 4.7296009130880865, 4.734436156349817, 4.726597553026051, 4.72610281035781, 4.724100820844213, 4.721221871015815, 4.719605747472004, 4.7137115737387525, 4.707080083680977, 4.710484469898532, 4.709223698104389, 4.710370503680807, 4.706953605830135, 4.707893481785754, 4.702123294566566, 4.7051252741819765, 4.699811200326292, 4.693423540430398, 4.691105418870757, 4.693154781942331, 4.686030204409064, 4.692427373878782, 4.689325786888523], "final train loss": [1.4628313190138924, 1.1544732414159524, 0.9734532668307562, 0.8659332322371116, 0.7923541094024892, 0.7387703657997527, 0.6982662414691088, 0.6655974645900997, 0.6399696555621419, 0.6189306610195706, 0.6019827866372099, 0.5847712786445909, 0.5772078438438926, 0.560918485675624, 0.5528481924838857, 0.5390243075136691, 0.5336712932514653, 0.5273287049372228, 0.5176368338276328, 0.5120839466947821, 0.5058197609195916, 0.5032736903060474, 0.49762405238002433, 0.4863656242857949, 0.48242130568985747, 0.4828663258479052, 0.47537319829214864, 0.47834113340589196, 0.4769575882970482, 0.4666277489915501, 0.4647541398284447, 0.4626451691648345, 0.45988880087275325, 0.45299156501560917, 0.4526791063183025, 0.45279280766685887, 0.4500474350284666, 0.44263871794125675, 0.4454361714247956, 0.44641995767572284, 0.4405214756716628, 0.4426929473866362, 0.4402660349994241, 0.4344301080991803, 0.43606319550130923, 0.4355510811320775, 0.4336422948006543, 0.43416397629918657, 0.42749607623385977, 0.4293693982424809], "final val loss": [1.169973978950719, 1.0675310306488328, 0.8837194290890056, 0.8510586173291419, 0.78298056695112, 0.7383026455997661, 0.7120842157275813, 0.7302844621193637, 0.6621086312707063, 0.7228732688032138, 0.6558805128950982, 0.6288295691939676, 0.6468499086465046, 0.5921897678428395, 0.6268605669592596, 0.6197257328564953, 0.6187872697783124, 0.5772297486757777, 0.5600393597677256, 0.541636192210161, 0.5699222872781146, 0.5398420763623183, 0.5215786703073295, 0.607364445829847, 0.5568663289972172, 0.5147092634705221, 0.5289937715241864, 0.5364541964735955, 0.5485472723746755, 0.5238655283572567, 0.5150008703682832, 0.5275802478478973, 0.5000660443666635, 0.5076581383491777, 0.5515205732006936, 0.5152441205302621, 0.4958869623150795, 0.5444856537565305, 0.5386235139742019, 0.5596495016365294, 0.5226561533417672, 0.5046007688258104, 0.5054153976546731, 0.497956479383502, 0.51296850384041, 0.5436776691371468, 0.48939808747570984, 0.4809844562202502, 0.4977422785607113, 0.4875114808321758], "final test loss": [1.0709753809645535, 0.9960179344152871, 0.8407439425730476, 0.7824753151534084, 0.7244727414446517, 0.6859218535807948, 0.6517278163101726, 0.6593260386119635, 0.6010878397443424, 0.6656385262648519, 0.600247828962323, 0.5650296316693385, 0.5911427767227252, 0.5387614869033567, 0.553696153953243, 0.5470584438393672, 0.5791211821638738, 0.5452563194230723, 0.5153639274188124, 0.49747649544534595, 0.5276190932756796, 0.5058019203833117, 0.4772408665559543, 0.584259603446284, 0.5078765775163334, 0.47724469922506774, 0.5014492437814753, 0.5121861858823048, 0.5244077940861257, 0.4780014217994845, 0.47414650280064286, 0.4688698217129936, 0.452728915923891, 0.472637556421871, 0.5174275782590095, 0.4784917706451096, 0.45814734994889067, 0.5207429919808436, 0.4925647292155237, 0.5120552643276632, 0.5027898891379659, 0.47248740751331986, 0.4587610038324667, 0.45494317251462907, 0.46403240444608773, 0.5092816257034056, 0.4453667517477712, 0.4702350804195427, 0.4560724788437636, 0.4602818626303452], "test acc": [61.53, 65.32, 70.46, 72.95, 75.09, 76.72, 77.14, 77.61, 79.33, 77.04, 78.9, 80.7, 80.08, 81.55, 81.19, 81.07, 80.11, 81.46, 82.4, 83.31, 81.69, 83.03, 83.77, 80.57, 82.87, 83.62, 82.86, 82.41, 82.06, 83.83, 83.62, 83.76, 84.38, 84.01, 82.89, 83.71, 84.28, 82.29, 83.3, 82.88, 82.5, 83.44, 84.48, 84.37, 83.86, 82.78, 84.8, 84.43, 84.58, 84.2], "train acc": [46.717777777777776, 59.00888888888889, 65.72, 69.5, 72.37333333333333, 74.29777777777778, 75.72222222222223, 76.79555555555555, 77.7, 78.57333333333334, 79.10444444444444, 79.67777777777778, 80.10666666666667, 80.65555555555555, 80.94, 81.33111111111111, 81.67111111111112, 81.73777777777778, 82.04666666666667, 82.25333333333333, 82.47333333333333, 82.63111111111111, 82.8711111111111, 83.18666666666667, 83.24444444444444, 83.33333333333333, 83.55111111111111, 83.48, 83.50444444444445, 83.91555555555556, 84.18444444444444, 84.00888888888889, 84.17333333333333, 84.48, 84.46444444444444, 84.29555555555555, 84.46, 84.77333333333333, 84.66666666666667, 84.43333333333334, 84.89111111111112, 84.8711111111111, 84.85777777777778, 85.09333333333333, 84.93777777777778, 85.03555555555556, 85.07777777777778, 85.04, 85.19333333333333, 85.19777777777777], "val acc": [58.54, 63.7, 68.22, 70.18, 72.1, 74.46, 74.54, 74.4, 76.88, 74.24, 77.46, 78.42, 77.28, 80.1, 78.54, 78.62, 78.58, 80.78, 80.7, 81.58, 81.3, 81.78, 81.9, 79.3, 80.94, 82.32, 81.98, 80.98, 80.9, 82.12, 82.36, 81.82, 83.14, 82.88, 81.18, 82.72, 82.56, 81.06, 81.88, 80.94, 81.9, 82.52, 82.54, 82.6, 82.52, 81.12, 82.88, 83.64, 82.48, 83.48]}