,final ssl loss,final train loss,final val loss,final test loss,test acc,train acc,val acc
0,4.689325786888523,0.4293693982424809,0.4875114808321758,0.4602818626303452,84.2,85.19777777777777,83.48
