{"final ssl loss": [4.740941431583503, 4.734809276385185, 4.733755407577906, 4.732411475059314, 4.72869186890431, 4.726868871542123, 4.725806111555833, 4.72306192104633, 4.722495000790327, 4.724055290222168, 4.72679632627047, 4.727731198530931, 4.725678346095941, 4.72402466015938, 4.724693418160463, 4.728547541300456, 4.73393465922429, 4.735588883130978, 4.736006981287247, 4.735796659420698, 4.737075883914263, 4.737011112310948, 4.736618763361221, 4.736946756411822, 4.735237554403452, 4.740938049707657, 4.744874472495837, 4.75099087984134, 4.748614042233198, 4.745960920284956, 4.74886565330701, 4.752921001727764, 4.753250496204083, 4.750449606088492, 4.753117187206562, 4.753912544250488, 4.751506555997408, 4.753509761125613, 4.753860407609206, 4.749740167764517, 4.745873015966171, 4.748349651923546, 4.752245347927778, 4.752570599776048, 4.7542246451744665, 4.7508246372907585, 4.748881738613814, 4.749701778705304, 4.748876126607259, 4.7473261172954855, 4.746417564000839, 4.743585618336995, 4.7396107380206765, 4.738294418041523, 4.736901112091847, 4.738499125456198, 4.739347788003775, 4.737627418224628, 4.735811825287648, 4.735724444267078, 4.736336145645533, 4.736069270892021, 4.734685819576948, 4.734449648245787, 4.732885338709905, 4.730902928572434, 4.734000267126621, 4.734486230214437, 4.734544949653821, 4.73765628521259, 4.735093967731182, 4.73338688092354, 4.730520409804124, 4.728449708987505, 4.727406597137451, 4.727895756256886, 4.7271735386970715, 4.728282767075759, 4.7316009863829, 4.733322994525616, 4.734514466310158, 4.735556905697553, 4.736979384300036, 4.737128472939515, 4.736669569749099, 4.737998947730431, 4.736794530428373, 4.7376174119802625, 4.741784912500626, 4.7401386921222395], "final train loss": [1.5383325950338558, 1.161200659615653, 0.9275688629838365, 0.8095801827665247, 0.7326581758561503, 0.6835606378299934, 0.645564146175737, 0.6170414709396708, 0.589236330248908, 0.5703287640508389, 0.5602146384558444, 0.5445977756971998, 0.5285238998266256, 0.5168393916412711, 0.5124833675653442, 0.5004142476477433, 0.4942807007816639, 0.48583313380583176, 0.479860178813836, 0.47319333464987495, 0.4700457452033205, 0.46008782692428335, 0.46014478167236994, 0.4560558402589135, 0.44740322343978634, 0.449312093124249, 0.4467579930035799, 0.4389398561310031, 0.43559718918910495, 0.4301788981079886, 0.43318770075774227, 0.4278541853930735, 0.42858188901713495, 0.4223566020348433, 0.4202101029238552, 0.4223751195474093, 0.41745469065458535, 0.40952372457765907, 0.412296706823832, 0.40680628281031084, 0.41039590226180517, 0.41009477607498124, 0.4040396046674497, 0.40872241655403024, 0.40662168944949534, 0.39885756685434925, 0.3995907635407492, 0.40262114528802245, 0.3988426827111393, 0.4010683527241468], "final val loss": [1.2627997778023883, 1.0117237605866354, 0.8303859763464351, 0.8010557018647528, 0.738977573100169, 0.716475712265938, 0.6773216130247541, 0.6339492004388457, 0.6666779608293704, 0.6544691111631454, 0.6015543857957147, 0.5775258902721344, 0.5496333776765568, 0.5450803832548439, 0.5564313578377863, 0.5388251708191671, 0.5439109214741713, 0.5474787246269784, 0.5423569956402869, 0.5343346497055831, 0.5497074240142372, 0.5261481788697516, 0.5212843661095686, 0.5291876350618472, 0.5110148535982059, 0.535563878904862, 0.5108930593368354, 0.4977500397878088, 0.5068430704106192, 0.5928068808309591, 0.5097892234090028, 0.5569284162513769, 0.4971884700712884, 0.49838305772489805, 0.5046755703771191, 0.47820968897479355, 0.49462861059957247, 0.5084541827250438, 0.46203408907553195, 0.47734965967714404, 0.606625524106299, 0.4979585748948869, 0.49703459754870954, 0.5004119252560625, 0.45285573298004783, 0.5101144629631452, 0.5300111217768328, 0.5002830729932543, 0.4817441115333776, 0.45879622714914337], "final test loss": [1.1888934802323485, 0.9320932758121064, 0.7751877026055187, 0.7710211196075232, 0.6736830806198973, 0.6424678429818382, 0.6315762978582717, 0.5660512337859828, 0.6057634348400865, 0.6077437356542855, 0.5459328583730295, 0.5503431054921196, 0.5074582338428345, 0.5078183589889981, 0.5163750151951854, 0.5179411613712677, 0.515210612180134, 0.5031179134933331, 0.49935164009801114, 0.4949155084003275, 0.5172706597719711, 0.5059699285715914, 0.4803198805917947, 0.4864742685430728, 0.4884543204174255, 0.48102842799771706, 0.4750994831180801, 0.4655904418553788, 0.47697606190039327, 0.5492786120968505, 0.46790428916676735, 0.4877973123908805, 0.4652734758516851, 0.48034801062779686, 0.46763517955145517, 0.4557542709615855, 0.47995979843524317, 0.4698631213591122, 0.44159227761978537, 0.44707327597914415, 0.5625785210738167, 0.46457895281882333, 0.4643131156508534, 0.4646670601714533, 0.42620351767768494, 0.46452652401150984, 0.48562672336737567, 0.4701102832064461, 0.45965553315493246, 0.4496120528434031], "test acc": [57.0, 66.86, 73.18, 73.58, 76.78, 77.93, 77.9, 80.55, 78.89, 79.73, 81.39, 81.34, 82.59, 82.85, 82.69, 82.73, 82.81, 83.07, 82.98, 83.51, 82.8, 82.79, 83.78, 83.81, 83.75, 83.75, 84.26, 84.04, 84.49, 82.38, 84.15, 83.62, 84.54, 84.45, 84.68, 85.06, 84.06, 84.41, 85.26, 84.89, 81.67, 84.85, 84.36, 84.39, 85.9, 84.34, 83.61, 84.64, 84.56, 84.5], "train acc": [42.9, 58.513333333333335, 67.50888888888889, 71.74666666666667, 74.41555555555556, 76.44222222222223, 77.62666666666667, 78.71111111111111, 79.62666666666667, 80.57555555555555, 80.70666666666666, 81.4088888888889, 81.82666666666667, 82.30222222222223, 82.35333333333334, 82.91777777777777, 83.14, 83.57111111111111, 83.5, 83.82444444444444, 84.02888888888889, 84.22666666666667, 84.36444444444444, 84.24222222222222, 84.72, 84.50888888888889, 84.48444444444445, 85.12222222222222, 85.03777777777778, 85.35111111111111, 85.19777777777777, 85.3, 85.19111111111111, 85.41777777777777, 85.63777777777777, 85.57111111111111, 85.68, 85.89777777777778, 85.86, 85.92888888888889, 85.85777777777778, 85.8488888888889, 86.07555555555555, 86.02666666666667, 85.94222222222223, 86.38444444444444, 86.36444444444444, 86.21777777777778, 86.20222222222222, 86.39777777777778], "val acc": [54.58, 64.24, 70.88, 72.04, 73.48, 75.56, 76.2, 77.86, 77.06, 77.34, 79.36, 80.54, 80.88, 81.1, 81.32, 81.52, 81.32, 81.82, 81.4, 81.56, 81.08, 82.6, 81.8, 82.02, 82.4, 81.74, 82.24, 83.18, 83.08, 80.32, 81.58, 81.2, 82.82, 83.5, 83.28, 84.38, 83.66, 82.9, 83.8, 83.8, 79.64, 83.54, 83.18, 82.42, 84.44, 82.84, 82.0, 82.96, 83.82, 84.26]}