,final ssl loss,final train loss,final val loss,final test loss,test acc,train acc,val acc
0,4.7401386921222395,0.4010683527241468,0.45879622714914337,0.4496120528434031,84.5,86.39777777777778,84.26
