,final ssl loss,final train loss,final val loss,final test loss,test acc,train acc,val acc
0,3.2469107537836464,0.258974658028656,0.2607151987722477,0.25936861605302225,92.57836508912108,92.4147972880739,92.53344253344254
