{"final ssl loss": [3.8926499165021458, 3.829300753720157, 3.7647893995671837, 3.7056882031314022, 3.6549314293828044, 3.6368179371306946, 3.5847644239038856, 3.6011367977915945, 3.546308210679701, 3.62748597718619, 3.4846248143202776, 3.5287733027985047, 3.4982397372906027, 3.4338273426869534, 3.449206357235675, 3.4335941768192746, 3.407637985436233, 3.497671951780786, 3.4934060098407986, 3.432033124503556, 3.3797093404756557, 3.352272389652012, 3.4261406501689993, 3.38648543991409, 3.3378440858600857, 3.3315013830478373, 3.3254119199472707, 3.355501339985774, 3.3306370765179185, 3.333403753233956, 3.3381265368494955, 3.3063948029404755, 3.3214692894395417, 3.2800020346274743, 3.2692783912578665, 3.273869697864239, 3.3718575380898854, 3.2974427479964037, 3.2626188026441563, 3.2469107537836464], "final train loss": [1.0357446008583748, 0.4624180105984327, 0.3859913709407608, 0.3535205681014342, 0.33567816617978624, 0.31900623880420736, 0.3132421770560104, 0.3040986621204704, 0.3014432532854707, 0.29599864277148175, 0.2907341309994358, 0.28729804325532504, 0.28359341380344083, 0.2820971451522597, 0.281504367880816, 0.27661342554364654, 0.2743251118610158, 0.2743919249691796, 0.2733125458970803, 0.2725547307506674, 0.2713011690609298, 0.2724393046732625, 0.2686721197088158, 0.26868145801723436, 0.26924228764417923, 0.26715283417258157, 0.26686051475721934, 0.2665852358642006, 0.2659969114793816, 0.2661847457455083, 0.26183472489029863, 0.26276167350279395, 0.2633059601896397, 0.2652616587283125, 0.2645771931938209, 0.26329077634470577, 0.2597621292506662, 0.2604919976976414, 0.2623646898653353, 0.2610740325956351, 0.2576894719462728, 0.2590057138459326, 0.26111076827522967, 0.2606375449710317, 0.2592417340823266, 0.2572747135335152, 0.2575486921443216, 0.25632622670373223, 0.2580048220759924, 0.258974658028656], "final val loss": [0.5310102200143723, 0.42680503027798306, 0.39354931270321386, 0.3515025844480273, 0.30386825468732803, 0.3257444345648502, 0.32383764136631416, 0.29290983008879634, 0.2836191791422893, 0.27966494528031766, 0.28953633201206874, 0.3073201894711329, 0.28965980894700927, 0.28785465166428204, 0.27706481080388395, 0.2906103861806955, 0.2790204802015593, 0.2719499106726337, 0.28647495122162797, 0.264577632098902, 0.2885484552075964, 0.2708451951402504, 0.26972194403149674, 0.27682512525192515, 0.2661206466206817, 0.2833130586095252, 0.29291786683731463, 0.3074152960755159, 0.2640115309620528, 0.26990737817270527, 0.2805233337147788, 0.28465396755549843, 0.2676246493452892, 0.26901658412117885, 0.29657615353577, 0.2846458851477725, 0.26357196938392896, 0.2589311092913021, 0.25262228999791186, 0.2797698126780479, 0.25472128322128385, 0.2714355108389167, 0.3025479742028958, 0.2696427963877414, 0.26740889260992734, 0.27280418238069815, 0.2737246601878946, 0.28368542428783194, 0.31578393924298115, 0.2607151987722477], "final test loss": [0.5282282935276957, 0.39764052466317756, 0.42652184710236085, 0.33967820384839426, 0.27213041103589153, 0.28334150893879134, 0.29163252917537125, 0.24747820156717934, 0.27698349589092947, 0.2458729305034572, 0.2568397068301861, 0.275757558042005, 0.25280437407745115, 0.2505744007279918, 0.22946709247777372, 0.30650240943037177, 0.2524715270469519, 0.23863740178873116, 0.23659546433774073, 0.25109336066920157, 0.2750453347035887, 0.28007850859025885, 0.25589970551849933, 0.24037265810596067, 0.25404722648226546, 0.27319467935198577, 0.2815329366207983, 0.30642382777009974, 0.255695231790318, 0.23858353251726333, 0.26060084337328565, 0.2708445100196127, 0.24977857090077416, 0.27347726988919646, 0.2969829909748304, 0.23831799563194375, 0.2282861290071663, 0.23214522173916532, 0.2289696390344704, 0.23498479928363672, 0.23693050458656592, 0.2530923923151453, 0.26639034316751475, 0.24747216985595277, 0.22756992726694308, 0.2575194001608558, 0.2600588402996888, 0.25352067447265186, 0.3030516192607618, 0.25936861605302225], "test acc": [83.61247695144438, 87.91487400122925, 87.08896742470804, 90.03918254456055, 92.15580823601721, 91.74477566072527, 91.41825445605409, 92.93177627535341, 91.97141979102643, 92.8779963122311, 92.63982790411801, 91.84849416103258, 92.50153657037492, 92.91256914566686, 93.6040258143823, 90.94575906576522, 92.77427781192378, 93.15073755377996, 93.31207744314689, 92.90872771972957, 92.11355255070683, 91.68715427166565, 92.75891210817456, 93.30055316533497, 92.66287645974185, 92.12507682851874, 91.63337430854334, 91.41441303011678, 92.57452366318377, 93.17762753534112, 92.54763368162261, 92.23263675476336, 93.04701905347265, 92.34403810694529, 91.29148740012293, 93.10848186846958, 93.53488014751076, 93.40043023970497, 93.5118315918869, 93.17762753534112, 93.28134603564843, 92.81269207129687, 92.13275968039336, 92.91641057160417, 93.54640442532268, 92.90104486785495, 92.41318377381684, 92.79732636754764, 91.09941610325752, 92.57836508912108], "train acc": [64.88905067418969, 85.72598625836102, 88.41971151658552, 89.36918900062186, 89.99256798774476, 90.40815397916003, 90.64779845596154, 90.94052873458615, 91.06793465896165, 91.37128209795088, 91.47290349001229, 91.56239098451411, 91.67462953694013, 91.65794542779572, 91.59727593999787, 91.83388694240949, 91.95219244361529, 91.94005854605572, 91.92792464849616, 92.05988078445648, 92.01892888019293, 91.99466108507379, 91.99921129665863, 92.04471341250701, 92.07808163079584, 92.13116743261895, 92.1918369204168, 92.12510048383916, 92.1357176442038, 92.06898120762615, 92.25553988260454, 92.29497504967314, 92.21307124114605, 92.23733903626518, 92.22823861309551, 92.22065492712078, 92.25402314540959, 92.30255873564788, 92.21307124114605, 92.29194157528325, 92.46333287831217, 92.2934583124782, 92.24643945943487, 92.39356296734465, 92.26464030577422, 92.38142906978509, 92.51186846855046, 92.43603160880315, 92.3950797045396, 92.4147972880739], "val acc": [83.74283374283374, 86.85503685503686, 87.97433797433797, 89.54408954408954, 90.88179088179088, 90.43134043134043, 90.62244062244062, 91.41414141414141, 91.68714168714169, 92.01474201474201, 91.71444171444172, 91.07289107289107, 91.18209118209118, 92.001092001092, 92.26044226044226, 91.79634179634179, 91.71444171444172, 92.45154245154245, 91.79634179634179, 92.47884247884248, 91.78269178269178, 91.94649194649195, 92.45154245154245, 92.0966420966421, 92.35599235599236, 92.08299208299208, 91.31859131859132, 91.12749112749113, 92.41059241059241, 92.23314223314223, 92.17854217854217, 91.90554190554191, 92.21949221949222, 92.04204204204204, 91.53699153699154, 92.0966420966421, 92.17854217854217, 92.6016926016926, 92.64264264264264, 91.87824187824188, 92.997542997543, 92.12394212394213, 91.29129129129129, 92.08299208299208, 92.45154245154245, 92.11029211029211, 92.13759213759214, 92.12394212394213, 90.85449085449085, 92.53344253344254]}