,final ssl loss,final train loss,final val loss,final test loss,test acc,train acc,val acc
0,-0.9917640212949339,0.26434000985256784,0.2516146594146063,0.25734624850302845,92.35172095881991,92.07504815640594,92.76549276549277
