,final ssl loss,final train loss,final val loss,final test loss,test acc,train acc,val acc
0,4.675835709471802,0.26015421588648036,0.2525954224641016,0.23086453503923357,93.36969883220651,92.38142906978509,92.97024297024296
