{"final ssl loss": [4.698900461196899, 4.697406467024263, 4.6980707178582675, 4.696779617896447, 4.696142381721443, 4.693177936794041, 4.689988296348732, 4.687043831898616, 4.686219805604094, 4.6844866842656705, 4.68239773070062, 4.680833484743025, 4.68416980596689, 4.685301163813451, 4.680316616605212, 4.676746305052217, 4.67756350390561, 4.677959885630575, 4.675641548383486, 4.6763705306953485, 4.6776098221332045, 4.67639623155127, 4.676149311599198, 4.677241038609218, 4.6764510094702665, 4.673616132536135, 4.6736132081571995, 4.673627319869461, 4.6727282200659905, 4.671923105533306, 4.670119667386675, 4.668238364733183, 4.667517126856984, 4.666426631954167, 4.667274965272917, 4.667577933598231, 4.667260335041926, 4.666611688120382, 4.663024927352692, 4.664079045915937, 4.6637493130210395, 4.665041303301191, 4.66650947990951, 4.667318587536578, 4.670137855556462, 4.673052379301378, 4.672266696716522, 4.674001273575363, 4.674687413902549, 4.672779323337795, 4.673682362883241, 4.674819922947384, 4.675889348650312, 4.674536915092202, 4.673667360852648, 4.674605879750285, 4.674775923882331, 4.671279992256965, 4.671877000715349, 4.670139637860385, 4.665825210251175, 4.6623486055360805, 4.66412522576072, 4.665966549119749, 4.671887592835859, 4.677601864287904, 4.680201340388585, 4.6779951298987115, 4.6774701705345745, 4.676346733853533, 4.6758859741104235, 4.6762535121891045, 4.6742899934728666, 4.674434840262353, 4.672096435840313, 4.6699366052667575, 4.67119861316014, 4.6710873367069485, 4.67194758261834, 4.6744556993871305, 4.6746611478445415, 4.676158971719809, 4.67649730935797, 4.677127711422793, 4.675771734931252, 4.674829469694124, 4.675150787913716, 4.674799160523848, 4.6757122536639235, 4.675835709471802], "final train loss": [0.9668706498031533, 0.48080263765549586, 0.3950606946666688, 0.3650481115045159, 0.34404819469839293, 0.33013311712625304, 0.32106404182103937, 0.3134745681524631, 0.30833829075011276, 0.30053213201933177, 0.29624566702377314, 0.29205300155141395, 0.2905931293644456, 0.28738932354644137, 0.28520011992140887, 0.2819724125265244, 0.2780753629135708, 0.2795494428791977, 0.27580734645592636, 0.2722525760402188, 0.2776958153346777, 0.27413811132787197, 0.2737890184192237, 0.27041862604435585, 0.2685883073637796, 0.269289713280618, 0.26523399440691864, 0.2684540746544661, 0.2715080517725111, 0.26662126301721367, 0.2648534676374588, 0.26711913689605854, 0.2638204196899088, 0.2629751491828965, 0.2656583133296411, 0.2639530513653408, 0.26081921173641903, 0.2620883079761732, 0.26230950210440485, 0.26343410618039287, 0.2617542466183981, 0.26047349683325854, 0.2558740946667134, 0.26234266252384814, 0.25815681801645257, 0.25926164755564274, 0.25761215920139363, 0.25700042261897954, 0.2564660311572178, 0.26015421588648036], "final val loss": [0.5162786648132915, 0.42765294080478133, 0.354481475826304, 0.35609051482711296, 0.31699164815279596, 0.32590274151626114, 0.30781008340174326, 0.29329294861827093, 0.29536176826723537, 0.2833684642095623, 0.3041773609833296, 0.29674909567647495, 0.2653343033159404, 0.29750981255877745, 0.2657405705715826, 0.2810440639188456, 0.27485162024609905, 0.2790340161414646, 0.26752472746970873, 0.2717509067426212, 0.29383371381178564, 0.3119363008742119, 0.26850303455243724, 0.28752960383436565, 0.2672191734738876, 0.2509012584163763, 0.2972469558963739, 0.2822449465798759, 0.25902511260378697, 0.26130466423440707, 0.2769212253782166, 0.2713813832818681, 0.2669725515411996, 0.2729288543855129, 0.3013974218568297, 0.28373857733984703, 0.27652210054113874, 0.2615433366680477, 0.26284681427329126, 0.2845523888529909, 0.2614141997421673, 0.31579204676388134, 0.291655575327868, 0.2620721955429844, 0.2689522176850831, 0.27525594274972986, 0.27998812984691435, 0.27679444180890983, 0.26520722097916505, 0.2525954224641016], "final test loss": [0.47235141916964796, 0.40397047662892416, 0.36486282661163616, 0.35835843008579066, 0.2929657930771406, 0.28832299131396655, 0.26909067361450845, 0.24246363037912844, 0.27895287195042107, 0.2710001600611067, 0.27273241507120577, 0.27035698944963604, 0.24653493796065631, 0.25813853766663913, 0.23392424835590073, 0.24365182239127503, 0.23726394788375815, 0.23255447302235596, 0.2348369938717281, 0.2424881137164964, 0.2762844839896458, 0.2592520909898752, 0.25981229074363404, 0.2714745496761246, 0.23910413653514273, 0.23410221509674348, 0.3099207822141908, 0.2732872081169955, 0.2500648166405389, 0.22296862337333254, 0.24092835139858487, 0.23194014281434916, 0.2543850960455954, 0.27485551026647487, 0.3001517392191532, 0.24938540215002195, 0.23878906311865447, 0.23005620119046347, 0.23117484186583767, 0.23992903262413398, 0.24929657583931547, 0.297754391565626, 0.2564017038542951, 0.25071979919677323, 0.23721918646024234, 0.22789088886171688, 0.2528499510271946, 0.259495244473585, 0.23667838213180423, 0.23086453503923357], "test acc": [85.47556853103872, 87.68054701905348, 89.10571604179471, 89.20559311616472, 91.28380454824831, 91.51429010448679, 92.23647818070067, 93.12768899815612, 92.02135832821143, 92.30946527350953, 92.11739397664412, 92.17501536570374, 92.91256914566686, 92.65903503380454, 93.44268592501537, 92.84342347879533, 93.27366318377382, 93.30439459127228, 93.48494161032575, 93.02397049784881, 91.94068838352797, 92.22111247695145, 92.50537799631223, 92.09434542102028, 93.31976029502151, 93.26982175783651, 90.81515058389674, 92.30562384757222, 92.74738783036263, 93.700061462815, 92.98555623847572, 93.42347879532882, 92.70513214505225, 92.2480024585126, 91.1762446220037, 92.72818070067609, 93.21988322065151, 93.47725875845114, 93.43116164720344, 93.09695759065765, 92.85110633066995, 91.02258758451137, 92.67824216349109, 92.9240934234788, 93.3159188690842, 93.66548862937923, 92.64366933005532, 92.32867240319607, 93.1200061462815, 93.36969883220651], "train acc": [67.4584034824286, 85.23759688158833, 87.96469035810165, 88.9308519512824, 89.66343601644144, 89.96374998104079, 90.45213935781346, 90.63869803279186, 90.79492196387132, 91.13012088395443, 91.23780922479563, 91.35763146319637, 91.38644946990036, 91.46076959245272, 91.56694119609895, 91.66856258816036, 91.77473419180659, 91.77473419180659, 91.90820706496186, 91.90669032776691, 91.78686808936615, 91.98556066190412, 91.8672551606983, 92.01437866860809, 92.04471341250701, 92.03561298933734, 92.26009009418938, 92.07808163079584, 91.94157528325067, 92.07808163079584, 92.19942060639153, 92.08869879116045, 92.09628247713519, 92.19638713200163, 92.08111510518573, 92.23278882468034, 92.23127208748541, 92.26312356857927, 92.35109432588615, 92.16453565090777, 92.27222399174894, 92.39052949295476, 92.40266339051432, 92.25705661979949, 92.34199390271648, 92.36019474905584, 92.3950797045396, 92.48456719904142, 92.37384538381035, 92.38142906978509], "val acc": [84.15233415233415, 87.23723723723724, 89.35298935298935, 89.48948948948949, 90.3084903084903, 90.4995904995905, 91.38684138684138, 91.6052416052416, 91.11384111384112, 92.05569205569205, 91.20939120939121, 91.23669123669124, 92.31504231504232, 91.26399126399126, 92.28774228774229, 91.93284193284194, 92.1921921921922, 91.82364182364182, 92.23314223314223, 92.38329238329239, 91.4004914004914, 90.9090909090909, 91.90554190554191, 91.52334152334153, 92.28774228774229, 92.88834288834289, 91.41414141414141, 92.02839202839203, 92.54709254709255, 92.28774228774229, 91.87824187824188, 92.23314223314223, 92.26044226044226, 91.94649194649195, 91.25034125034125, 91.68714168714169, 92.34234234234235, 92.58804258804258, 92.6016926016926, 91.90554190554191, 92.58804258804258, 90.64974064974065, 91.25034125034125, 92.51979251979252, 92.51979251979252, 92.0966420966421, 92.12394212394213, 91.96014196014195, 92.38329238329239, 92.97024297024296]}