,final ssl loss,final train loss,final val loss,final test loss,test acc,train acc,val acc
0,4.663174785934128,0.2598095168117822,0.2730396626330099,0.23557091520410442,93.5041487400123,92.36626169783561,92.56074256074255
