{"final ssl loss": [4.698785104951658, 4.696459936928916, 4.697092993276103, 4.696439177839906, 4.697068209414716, 4.695773614870085, 4.6928632125987875, 4.689586317622578, 4.686192946000532, 4.6848046729614685, 4.681832693673514, 4.680770920706796, 4.679268870320353, 4.677718566014216, 4.67959452842499, 4.678692099097725, 4.681600192210057, 4.682907334574453, 4.684063146164367, 4.679936225597675, 4.6757700426595195, 4.673189398292061, 4.674885463047694, 4.670768861170416, 4.67022356786928, 4.67304601202478, 4.674133857647022, 4.672894097708322, 4.669282336335082, 4.667831944418954, 4.668726020759636, 4.665953506122936, 4.663226552776523, 4.663934520908169, 4.663924839113142, 4.665895620426098, 4.668943818632539, 4.662149594380305, 4.660631168138731, 4.663174785934128], "final train loss": [0.9374970672909696, 0.489778126903106, 0.391957735638272, 0.3598109351074317, 0.3435800371439436, 0.3279053069052839, 0.31836613554106225, 0.30863717606599356, 0.3046640161463737, 0.29827665510934886, 0.2953193672859932, 0.2900520356707293, 0.28529822123171433, 0.2836977303152825, 0.28265617012458844, 0.2779049215267138, 0.27801031443303514, 0.275821703238063, 0.27610904498189354, 0.2736361006384174, 0.27148514151598485, 0.2732498094806432, 0.2709051623049363, 0.2696427562504949, 0.2706994674254836, 0.26678246692047136, 0.26654589129001816, 0.26645966084138073, 0.2646728048678569, 0.2648962184979749, 0.26659880650366674, 0.2596843532618264, 0.2637936689995757, 0.26320803540450155, 0.2640072495917429, 0.2637248544816844, 0.25977949782698073, 0.2633928509672208, 0.2605888887228555, 0.25916775210712184, 0.2596932165250128, 0.25889687989519844, 0.2596629789652197, 0.26211340284184675, 0.25745834466901396, 0.25968510199298434, 0.26062090408367866, 0.2537482343562135, 0.2583437466475171, 0.2598095168117822], "final val loss": [0.5074796399435102, 0.407049736146323, 0.377069281650032, 0.346894815271338, 0.3317527465083063, 0.31233491066550456, 0.3049847787799208, 0.2974783127484884, 0.2939713340268906, 0.30032417744267975, 0.2825546325814776, 0.2837080377434669, 0.2941900321473591, 0.29109616460498244, 0.27156577543985894, 0.2787586073086121, 0.2917427364574119, 0.2576474335744131, 0.2905953765671912, 0.2719452611646538, 0.28317475919184726, 0.265342569035604, 0.2606894773630401, 0.28162227061426665, 0.30167333549091907, 0.28124537398656385, 0.2866639503924477, 0.30165857659839906, 0.2815659177818999, 0.2650422440866195, 0.25592606509812016, 0.2982554948648771, 0.2720373619965981, 0.2656704096091041, 0.2774052173549952, 0.2853309453900204, 0.2784493086151941, 0.2741966379651857, 0.26413657674850594, 0.27291897036883506, 0.2773613519641249, 0.2580952451901925, 0.28576431605623276, 0.28056669435728193, 0.2791914012828053, 0.27817945312871295, 0.25286015659147737, 0.2964415690784371, 0.2654217887002828, 0.2730396626330099], "final test loss": [0.4571840810413296, 0.36002817888416955, 0.3704061214503185, 0.32388782489779394, 0.31128018146097036, 0.28075654949324724, 0.2770134894336352, 0.26012355507338875, 0.28716908010175907, 0.2603087178522982, 0.25655230645694443, 0.26490946097587775, 0.26115838236390576, 0.2725762052871104, 0.23290243346406564, 0.262723033504643, 0.24496617599868695, 0.231441728457241, 0.24283593837217557, 0.245996356176336, 0.25897094742417864, 0.25250798145238157, 0.2519624218978537, 0.26076154266678586, 0.271900942711004, 0.25914111931714473, 0.2990981398833371, 0.32238504236692184, 0.24709244438559183, 0.23116666401212427, 0.2328073336257707, 0.27024684606534166, 0.24977278225787478, 0.2457628241398072, 0.26597889642865014, 0.27707481354644353, 0.2379806075068946, 0.25042624273955255, 0.24467794353191577, 0.22897606658410619, 0.26426363489029964, 0.24225969237781128, 0.2913033899419806, 0.2406358535130364, 0.2503344776310228, 0.23586356552965318, 0.23372723395004869, 0.27945286879906345, 0.25849006884372094, 0.23557091520410442], "test acc": [86.00952673632452, 89.12108174554395, 89.17870313460357, 90.51551936078673, 90.96880762138906, 91.87538414259373, 92.13660110633067, 92.53226797787339, 91.92148125384142, 92.41702519975415, 92.45543945912723, 92.2979409956976, 92.34403810694529, 92.17117393976645, 93.54640442532268, 92.42470805162877, 93.03549477566072, 93.44652735095268, 93.08927473878303, 92.79732636754764, 92.5860479409957, 92.77811923786109, 92.6359864781807, 92.50921942224954, 92.04440688383528, 92.56299938537185, 90.98033189920098, 90.68838352796558, 93.00860479409957, 93.39658881376766, 93.33512599877075, 92.09050399508297, 92.87031346035648, 92.95098340503995, 92.2480024585126, 91.93684695759066, 93.17762753534112, 92.86647203441917, 93.06238475722188, 93.46957590657652, 92.340196681008, 93.09695759065765, 91.46435156730178, 93.08927473878303, 92.78964351567302, 93.36969883220651, 93.33128457283344, 91.89459127228027, 92.77427781192378, 93.5041487400123], "train acc": [68.45034960792343, 85.20271192610457, 88.23011936721724, 89.17049642808391, 89.73623940179885, 90.22766225296142, 90.60988002608788, 90.75093658521789, 91.03608317786777, 91.13467109553928, 91.21354142967648, 91.40465031623971, 91.5290227662253, 91.67917974852497, 91.70344754364412, 91.7853513521712, 91.89607316740228, 91.78990156375605, 91.8930396930124, 91.94157528325067, 91.98556066190412, 92.02044561738788, 91.96432634117487, 91.96280960397992, 92.09173226555035, 92.09476573994024, 92.15695196493304, 92.13723438139874, 92.20700429236626, 92.17818628566228, 92.1493682789583, 92.33137674235185, 92.1751528112724, 92.25705661979949, 92.16150217651787, 92.17666954846733, 92.30559221003777, 92.31772610759734, 92.36019474905584, 92.37991233259014, 92.36171148625078, 92.42541444843852, 92.36171148625078, 92.16301891371282, 92.34502737710636, 92.31924284479229, 92.2934583124782, 92.54675342403422, 92.28739136369842, 92.36626169783561], "val acc": [84.46628446628446, 87.94703794703794, 89.33933933933933, 89.63963963963964, 90.52689052689053, 91.11384111384112, 91.16844116844116, 91.35954135954135, 91.41414141414141, 91.20939120939121, 91.83729183729184, 91.86459186459186, 91.45509145509145, 91.65984165984166, 92.27409227409227, 92.21949221949222, 91.55064155064154, 92.64264264264264, 91.74174174174175, 92.01474201474201, 91.82364182364182, 92.15124215124216, 92.38329238329239, 91.91919191919192, 91.05924105924106, 91.87824187824188, 91.6052416052416, 90.97734097734097, 92.01474201474201, 92.53344253344254, 92.86104286104286, 91.63254163254163, 92.23314223314223, 92.56074256074255, 92.0966420966421, 91.85094185094185, 92.01474201474201, 92.11029211029211, 92.75184275184276, 92.08299208299208, 92.02839202839203, 92.66994266994267, 91.94649194649195, 91.91919191919192, 92.001092001092, 92.1921921921922, 92.6972426972427, 91.55064155064154, 92.38329238329239, 92.56074256074255]}