,final ssl loss,final train loss,final val loss,final test loss,test acc,train acc,val acc
0,2.578592326350481,0.2602261146580216,0.29141705509226395,0.25547114212789024,92.83574062692071,92.3692951722255,91.72809172809173
