{"final ssl loss": [2.6505318109829803, 2.593732559404919, 2.571382184172364, 2.55521304485526, 2.5436021485876545, 2.533096382221107, 2.5363209766297947, 2.5258541511312327, 2.5201702677250535, 2.509161388681361, 2.5025304427257318, 2.504286129331943, 2.499107924024316, 2.491827766985912, 2.4888243282554763, 2.4914019443208653, 2.493881635449244, 2.4892865241797746, 2.487050519545769, 2.484008808227646, 2.4831865114017884, 2.4836198844051403, 2.4927002153525764, 2.48724868329866, 2.4880115740056534, 2.4917713384432476, 2.5066153887527487, 2.5063505407085893, 2.5054402288884354, 2.5121256987462144, 2.5192801647177947, 2.519326073366151, 2.525143650537393, 2.5312093166661294, 2.53321435785856, 2.540275552482155, 2.5438577216387106, 2.538832481483436, 2.550177486872975, 2.559722137326182, 2.568721542612545, 2.5625928279456742, 2.56027961214748, 2.580621205234486, 2.584121585465144, 2.585973609009389, 2.5862991418209385, 2.5779038273439285, 2.577878225313206, 2.578592326350481], "final train loss": [1.0524556139526524, 0.4913293830345465, 0.3982574749748823, 0.36422109061988567, 0.34509601998913353, 0.3293000749316408, 0.3178303712208054, 0.31092517437708866, 0.30583998073418417, 0.298605471507821, 0.2944609520677613, 0.2908520644312848, 0.291308589464922, 0.2863677610764763, 0.2804315692782655, 0.2836031721609345, 0.28173810224537277, 0.27585644232157086, 0.27674406847777816, 0.273928244414747, 0.27312205796848943, 0.27090701610613604, 0.2719368207754639, 0.2702555405296844, 0.2705253647990102, 0.2693736333032182, 0.2681236036471148, 0.2660248062841338, 0.2669848532943269, 0.2659948811609224, 0.2640522779943851, 0.26312886003684116, 0.2645495665670417, 0.2657456828312011, 0.26217079042533414, 0.259986672015867, 0.2608313925522716, 0.2618016537874467, 0.2588141355744876, 0.25905807846492857, 0.261874492893385, 0.26071387549301034, 0.2593904986307893, 0.25986344938576295, 0.259006284917933, 0.25862065752631996, 0.2582891947756558, 0.2596386892441796, 0.2588061992628504, 0.2602261146580216], "final val loss": [0.5446380725594067, 0.4329365144390206, 0.37689417275278847, 0.37853621545056587, 0.36981319205013946, 0.3183715335992226, 0.3316614267021808, 0.3276665530383066, 0.3035460805528549, 0.3114742147878593, 0.30265976666720934, 0.3229917721115215, 0.3488757250968806, 0.3094745629251524, 0.30750797130980867, 0.3112311025015912, 0.302806642036641, 0.2942541251081046, 0.31277903532975365, 0.2906438367335557, 0.3043376708720449, 0.2971146804764542, 0.2975514221074279, 0.2921823140510305, 0.30558351020625585, 0.2923056702393892, 0.2848838448979969, 0.2967557541245196, 0.3152460887556383, 0.284653917784644, 0.3048921476512757, 0.2949934840918108, 0.2966488014955448, 0.2899745479876818, 0.2918327550472911, 0.2929137496025541, 0.2972643293977174, 0.2947123955170661, 0.28995939745165117, 0.2749225883439639, 0.2861010348302308, 0.2849394647835644, 0.29346532907792444, 0.29753615437116165, 0.2967135087794352, 0.29232735741541893, 0.2881598529531966, 0.29388806442669124, 0.28496663539170175, 0.29141705509226395], "final test loss": [0.4926799613277654, 0.35699683159168727, 0.3330708349235722, 0.3577713041923281, 0.3275167778424955, 0.2813924180151533, 0.28579550808986665, 0.28067810667898385, 0.24268605008478797, 0.28201994397540187, 0.3062936981696022, 0.27593520439701286, 0.32046973420574765, 0.27344686681054603, 0.2851359190119554, 0.2477760573629409, 0.26904511068036885, 0.27135010823579986, 0.25278400707102083, 0.2433912126228433, 0.26809694297916054, 0.2717787231597821, 0.2835345496669531, 0.22642275781304338, 0.26476753002984554, 0.23609470070284821, 0.22542512507111528, 0.2761237832113496, 0.2653586271720085, 0.23452928769390766, 0.24666051520149085, 0.2622441387888621, 0.2308286889313196, 0.23760407134153735, 0.2423922101576888, 0.24362575089449123, 0.2521746705803352, 0.2538536037970563, 0.2589670309844983, 0.22166271488976275, 0.2643930323728582, 0.23843704423974715, 0.23936239356307784, 0.24198524986110007, 0.2444385883949825, 0.2275246183676256, 0.24906263792148223, 0.24668887627187486, 0.2464437206660189, 0.25547114212789024], "test acc": [85.29502151198525, 88.92901044867855, 89.83174554394591, 89.3861401352182, 90.04302397049784, 91.71788567916411, 91.71020282728949, 91.85233558696989, 93.03933620159803, 91.92916410571604, 91.14551321450523, 92.22111247695145, 90.88045482483098, 92.09434542102028, 91.90227412415489, 93.00092194222495, 92.15964966195452, 92.33635525507069, 92.81269207129687, 92.99708051628765, 92.29409956976029, 92.14044253226798, 91.6679471419791, 93.56945298094652, 92.38629379225569, 93.30439459127228, 93.60018438844499, 92.02904118008605, 92.22879532882607, 93.29287031346036, 92.90104486785495, 92.56684081130916, 93.53103872157345, 93.33128457283344, 93.18531038721574, 93.03549477566072, 92.82805777504609, 92.76275353411187, 92.60909649661954, 93.69622003687769, 92.35556238475722, 92.8779963122311, 93.07390903503381, 93.03933620159803, 93.01244622003688, 93.58866011063307, 92.82805777504609, 92.8318992009834, 92.84726490473264, 92.83574062692071], "train acc": [64.20196872487904, 84.91908207064962, 87.90250413310886, 89.04612397809831, 89.71955529265445, 90.2003609834524, 90.4202878767196, 90.6796499370554, 90.86924208642368, 91.13012088395443, 91.2666272314996, 91.3879662070953, 91.28786155222885, 91.49262107354659, 91.68828017169466, 91.6306441582867, 91.6276106838968, 91.81265262168024, 91.84450410277411, 91.8050689357055, 91.85663800033369, 92.01892888019293, 91.94157528325067, 92.0477468868969, 92.0113451942182, 92.12358374664421, 92.07808163079584, 92.09931595152509, 92.09931595152509, 92.1721193368825, 92.25402314540959, 92.12510048383916, 92.19032018322186, 92.10234942591497, 92.29194157528325, 92.34047716552153, 92.27677420333379, 92.3131758960125, 92.34654411430131, 92.34502737710636, 92.3101424216226, 92.3692951722255, 92.30104199845293, 92.36626169783561, 92.38446254417497, 92.33137674235185, 92.30862568442765, 92.40873033929411, 92.40569686490421, 92.3692951722255], "val acc": [82.78733278733279, 86.66393666393667, 88.6022386022386, 88.84793884793885, 88.5066885066885, 90.47229047229047, 90.21294021294021, 90.45864045864046, 91.14114114114115, 90.88179088179088, 91.18209118209118, 90.3903903903904, 90.17199017199017, 90.81354081354081, 90.66339066339066, 90.67704067704068, 91.22304122304122, 91.25034125034125, 90.78624078624078, 91.48239148239148, 91.004641004641, 91.67349167349167, 91.22304122304122, 91.55064155064154, 90.77259077259077, 91.42779142779143, 91.75539175539176, 91.23669123669124, 90.62244062244062, 91.37319137319137, 90.88179088179088, 91.42779142779143, 91.37319137319137, 91.56429156429157, 91.80999180999181, 91.34589134589135, 91.4004914004914, 91.11384111384112, 91.53699153699154, 92.27409227409227, 91.42779142779143, 91.75539175539176, 91.29129129129129, 91.31859131859132, 91.31859131859132, 91.65984165984166, 91.46874146874147, 91.31859131859132, 91.61889161889162, 91.72809172809173]}