{"final ssl loss": [4.8426261535057655, 4.858142833220653, 4.7735949320670885, 4.599393516931778, 4.699767462412516, 4.750196760128706, 4.521259743128067, 4.4084213379101875, 4.350402675530849, 4.415650079189203, 4.732588464785845, 4.57791065802941, 4.662424336946928, 4.63100248728043, 4.357017874106383, 4.253262409797082, 4.237519469627967, 4.337663327730619, 4.476462276165302, 4.260993598057674, 4.1712372364142, 4.137777220897186, 4.107274474853124, 4.089488501426501, 4.081394672393799, 4.082044237087935, 4.055608499967135, 4.031040279681866, 4.024617620614859, 4.026290543874105, 4.004647519038274, 3.9934914454435693, 4.026545295959864, 3.9855572089170797, 3.9696185148679293, 4.0547421479836485, 4.138753080368042, 3.978037463701688, 3.980245211185553, 3.9659964109078434], "final train loss": [1.4471502403206409, 1.1192352188421464, 0.9154774724971172, 0.8188305029270915, 0.7446988938586798, 0.6990413198190627, 0.6606214355621765, 0.6352512695387736, 0.6083518840907395, 0.5891808971349619, 0.5708807328849629, 0.5562457640224429, 0.5437374323839487, 0.5301098285538132, 0.528004776535512, 0.5133678845759394, 0.49960653238692176, 0.4991329659382841, 0.4883597041582841, 0.48072824709239204, 0.4753852610627895, 0.47493300234267455, 0.4724338037976578, 0.46603701720656276, 0.4581921342085165, 0.46144062712227274, 0.4505317140934564, 0.44961006375984175, 0.4497686818681588, 0.44301753475277156, 0.441315232537152, 0.43524649721261194, 0.43583429831410436, 0.43650290721070284, 0.4342922440014499, 0.4305057091626531, 0.43041722812473393, 0.4263201011523509, 0.42353494733826186, 0.4252563264504255, 0.4227046668873709, 0.4202149717167666, 0.4168563496954236, 0.41709786239685787, 0.4109256059121984, 0.4110263008346309, 0.41775686629566644, 0.40972891243408993, 0.4097505331293606, 0.4106280033204601], "final val loss": [1.228202659613008, 0.9575973885833837, 0.8810906334287801, 0.8361233721493156, 0.7780615178642759, 0.7631098498964006, 0.7033332096543282, 0.6432833928780951, 0.7622231144434327, 0.7021323169112965, 0.6342924615000464, 0.5978819563700135, 0.5882495782177919, 0.6188072373343122, 0.5599299228400182, 0.547535860092397, 0.5539829419676665, 0.573978571470376, 0.5533688224045334, 0.5910664507348067, 0.5761331648203978, 0.5548273135142722, 0.5272239112550285, 0.5212551418003762, 0.49248204821613945, 0.600904023476467, 0.5419912610653859, 0.511230371370437, 0.5540545168006497, 0.5735126490805559, 0.551084762261172, 0.5280002660242615, 0.49338164280174646, 0.5158785273125217, 0.4953369773971807, 0.5236646664939868, 0.5052173307557015, 0.49200827898872884, 0.5161741150982061, 0.5059998240440514, 0.5202335277750234, 0.49850317778860687, 0.52864147922036, 0.5083163495466207, 0.4778714389273315, 0.4942874381686472, 0.4837627520037305, 0.4729424246177552, 0.4724908195863104, 0.4701793484247414], "final test loss": [1.1328854130479855, 0.8797390999885413, 0.8592096714737316, 0.7706842927125316, 0.7043263019083407, 0.6861736475469206, 0.630541258202955, 0.5761594535253299, 0.7105581757073967, 0.6389838450918564, 0.5672970905947609, 0.5463340004888205, 0.5292235022059645, 0.5783672911671404, 0.5239393199308993, 0.5060615206536013, 0.5179060120314074, 0.5196155396560891, 0.49821776346848035, 0.5496681351631213, 0.5316530027852272, 0.4965945219460387, 0.48485178026718834, 0.4745351607902362, 0.4502646093384717, 0.5772885370749635, 0.5274777326244897, 0.46567955534583844, 0.4828148632051465, 0.5122187696516324, 0.501636095892507, 0.458304445107524, 0.4745389117886083, 0.4741257799747653, 0.4723132400395581, 0.47084744069903806, 0.45928634243746536, 0.4504590964260193, 0.4584819063211021, 0.4668649700455391, 0.4497690557862242, 0.4632594980799352, 0.48879643770071646, 0.488178143414636, 0.44008019309455215, 0.453343697046986, 0.4528631635795767, 0.4447999582075463, 0.44628276942541806, 0.41660457263929773], "test acc": [59.81, 68.0, 70.25, 73.06, 75.61, 75.84, 78.49, 79.9, 75.33, 78.16, 80.38, 81.42, 81.71, 81.03, 82.21, 82.85, 82.48, 82.14, 82.99, 81.55, 82.09, 83.28, 83.2, 83.96, 84.92, 81.27, 82.19, 84.24, 84.11, 82.81, 83.19, 84.36, 83.95, 84.15, 83.87, 84.07, 84.35, 84.62, 84.39, 83.81, 84.58, 84.26, 83.57, 83.69, 85.19, 85.08, 85.01, 85.35, 84.69, 85.85], "train acc": [47.50222222222222, 59.84, 67.87777777777778, 71.4088888888889, 74.05555555555556, 75.73777777777778, 77.09555555555555, 78.16666666666667, 78.82222222222222, 79.81555555555556, 80.37333333333333, 80.84222222222222, 81.33555555555556, 81.68222222222222, 81.8, 82.15555555555555, 82.97333333333333, 82.82, 83.20444444444445, 83.36666666666666, 83.67333333333333, 83.62, 83.71111111111111, 83.97333333333333, 84.19777777777777, 84.1511111111111, 84.53111111111112, 84.50222222222222, 84.56222222222222, 84.71333333333334, 84.89111111111112, 85.16, 85.07111111111111, 84.98222222222222, 85.10888888888888, 85.24444444444444, 85.09777777777778, 85.34666666666666, 85.43555555555555, 85.35777777777778, 85.48222222222222, 85.63111111111111, 85.7088888888889, 85.67333333333333, 85.82666666666667, 85.76222222222222, 85.69111111111111, 86.13555555555556, 85.90666666666667, 85.88888888888889], "val acc": [55.54, 66.68, 69.08, 70.24, 72.5, 73.66, 74.98, 77.8, 73.3, 75.94, 78.28, 79.6, 80.2, 79.58, 80.42, 81.24, 81.14, 80.44, 80.24, 79.78, 80.3, 82.0, 82.5, 82.46, 83.52, 79.7, 81.4, 82.96, 81.26, 80.28, 81.02, 82.6, 83.4, 82.22, 83.06, 81.96, 82.36, 82.64, 82.92, 82.8, 82.16, 83.04, 82.5, 83.44, 84.04, 83.4, 83.1, 83.52, 84.12, 84.3]}