,final ssl loss,final train loss,final val loss,final test loss,test acc,train acc,val acc
0,-0.9966977553489881,0.3968817702763963,0.5114415229600706,0.4519908689557554,84.94,86.41777777777777,83.0
