,final ssl loss,final train loss,final val loss,final test loss,test acc,train acc,val acc
0,4.6493812428546475,0.43963555412866073,0.5261105107748585,0.48680296277228635,83.93,84.78444444444445,82.24
