{"final ssl loss": [5.529156625957709, 5.231412936111724, 5.093358375656773, 5.014658515798297, 4.943198410405392, 4.909962279543223, 4.884781494030727, 4.861440234239215, 4.850317607310609, 4.833536216452546, 4.817073911161337, 4.820054766157983, 4.808203831830189, 4.806056899084171, 4.794875135495019, 4.786272154269542, 4.784872521206298, 4.778051464872079, 4.767218844380788, 4.7662060941532545, 4.762196332941287, 4.758224465935545, 4.750292924851675, 4.749529661198126, 4.746773013384791, 4.7432883142967075, 4.737701492333993, 4.73388133799984, 4.730751566331304, 4.726206938832731, 4.724510805554946, 4.722053090375151, 4.7253398840314444, 4.713951292172284, 4.71194863319397, 4.7089757305711855, 4.708342537837206, 4.707854743498388, 4.707402251899318, 4.702930904075828, 4.701152387562848, 4.699818638009085, 4.699460703035323, 4.696579494183256, 4.6959079917658615, 4.693420999944592, 4.693066527687786, 4.683110132107509, 4.692415365641614, 4.684359861549739, 4.6858584010799476, 4.685090305252661, 4.691279338050285, 4.687588946004225, 4.679692953405246, 4.686878617380707, 4.686535794664742, 4.6782208212511796, 4.680995582771057, 4.672214878048084, 4.6707232248767845, 4.674455732145321, 4.669363983156739, 4.670640008855568, 4.684543149877297, 4.6682823073696085, 4.6670618551794, 4.672985024702534, 4.675736233763749, 4.668983516253522, 4.671868463484487, 4.671296869441581, 4.666316845047642, 4.666218970405002, 4.664236458254532, 4.667626460291512, 4.6643218099689365, 4.659543378099742, 4.665794745908046, 4.665736433485864, 4.66174761891823, 4.662607530015074, 4.66555625131585, 4.658288643698992, 4.656955145385293, 4.6675687452895085, 4.6539253437564865, 4.656217328717553, 4.659352032994796, 4.66066092687746, 4.662356392827443, 4.654262835176592, 4.66188342531573, 4.658255576171582, 4.651025192380409, 4.6504649825957, 4.649197517680755, 4.654921343018242, 4.652090603807672, 4.6493812428546475], "final train loss": [1.4783525769813906, 1.1507714608711983, 0.9710590981513622, 0.8720941409712237, 0.8036494813832986, 0.7570939603941442, 0.7131986416394438, 0.6792237325687314, 0.6510587718229219, 0.6304695977648692, 0.6091785641875602, 0.5955604422511831, 0.5831620696278099, 0.5709232002200179, 0.5598362062150227, 0.5511230430708087, 0.5409097778687006, 0.5372193191086644, 0.5304943660767941, 0.524385026607771, 0.5139573348292918, 0.5110938704407799, 0.5060631644825353, 0.4958925147268818, 0.49484955190066, 0.4924993420227589, 0.48908108916046267, 0.48333057888810654, 0.4812881525793902, 0.47785173550873, 0.47569860179075213, 0.4694375084460248, 0.4692330769003073, 0.4642292067048477, 0.4594269822899043, 0.46113726671973104, 0.4578733487371104, 0.4548566319106654, 0.45562030901892775, 0.453651180293599, 0.45817708746181285, 0.44786662108502495, 0.4518527351187406, 0.44409184111249134, 0.4460448838966318, 0.4454782866550492, 0.4446087834910459, 0.4394859431447844, 0.43653321548946883, 0.43963555412866073], "final val loss": [1.2026308824302285, 0.995582699016401, 0.9312636590307686, 0.843091095518914, 0.8307939154706943, 0.7285058135819283, 0.6785617148040965, 0.6876026076875674, 0.6751270263817659, 0.7208980350357712, 0.6849214573195026, 0.6220598471392492, 0.6333649465992193, 0.5897980277325697, 0.6265542095254182, 0.6195272799510105, 0.6024684414362452, 0.5993103514051741, 0.562896944819742, 0.5720560322901246, 0.5759774006096421, 0.5572205163111352, 0.5720885346649559, 0.5996531361037758, 0.5435714037365215, 0.5656960627455621, 0.550001441483285, 0.576967781516397, 0.5467749462006198, 0.5702362183932286, 0.52983207696942, 0.5379301184301923, 0.5065972295346534, 0.501993357091193, 0.5464893340305158, 0.5149519093287219, 0.5378302272148193, 0.5433418419520566, 0.5570443715828999, 0.5326581520449584, 0.5125236423437003, 0.5157059168170213, 0.4994260912678044, 0.5207688108940792, 0.5444715525124483, 0.510110976020242, 0.5210726512655331, 0.5001125799812329, 0.513536035919645, 0.5261105107748585], "final test loss": [1.0876741102709175, 0.9529801486208797, 0.8969132885003623, 0.7955897334284676, 0.7644656847079341, 0.6720036411532959, 0.6316471288855464, 0.6546640187121047, 0.6196606054473609, 0.6471463421139473, 0.6230926417028562, 0.5683895653714768, 0.6185762375212325, 0.5525162767726012, 0.5748500647826698, 0.5717794529308146, 0.5594882811077486, 0.5637617836983059, 0.5179876251913869, 0.56000197594301, 0.5338762498939761, 0.5096636019504299, 0.5113520061912628, 0.5407566380815003, 0.5188730997494615, 0.5287731721664009, 0.5229998132624565, 0.5344255832723155, 0.4814950863179117, 0.5167753234291419, 0.4847706405285258, 0.49027329207228393, 0.4777017235874939, 0.48504288051836786, 0.5324769140765689, 0.4652789642635626, 0.4952062013240668, 0.5254789023829726, 0.5070417573372015, 0.5036297154288513, 0.458142620044204, 0.48293707610224, 0.47333282751206773, 0.4782691151617815, 0.5027133492282785, 0.4599546935564032, 0.49986870939167927, 0.47481437502339624, 0.4514767971996682, 0.48680296277228635], "test acc": [61.33, 66.61, 67.87, 72.11, 73.59, 76.34, 78.22, 77.41, 78.63, 77.89, 78.81, 80.54, 79.01, 80.87, 80.6, 80.31, 81.14, 81.09, 82.66, 81.29, 81.7, 82.72, 83.05, 81.69, 82.55, 81.69, 82.05, 81.53, 83.62, 82.77, 83.55, 83.5, 83.8, 83.47, 82.3, 84.07, 83.26, 82.18, 83.0, 82.83, 84.3, 83.26, 83.79, 83.58, 83.21, 84.34, 82.88, 83.84, 84.74, 83.93], "train acc": [45.702222222222225, 59.29555555555555, 65.69777777777777, 69.28222222222222, 71.95333333333333, 73.49555555555555, 75.05777777777777, 76.15555555555555, 77.44222222222223, 78.02222222222223, 78.7311111111111, 79.14888888888889, 79.76666666666667, 80.03333333333333, 80.67333333333333, 81.07555555555555, 81.35555555555555, 81.38666666666667, 81.76, 81.66888888888889, 82.2, 82.20444444444445, 82.55333333333333, 82.8, 82.9, 82.82444444444444, 83.0, 83.41333333333333, 83.41777777777777, 83.70666666666666, 83.62222222222222, 83.86222222222223, 83.83333333333333, 83.9088888888889, 84.04, 84.05111111111111, 84.16666666666667, 84.34444444444445, 84.21111111111111, 84.45555555555555, 84.44222222222223, 84.54444444444445, 84.43333333333334, 84.67111111111112, 84.57555555555555, 84.57333333333334, 84.66, 84.7688888888889, 85.04888888888888, 84.78444444444445], "val acc": [56.96, 65.16, 66.5, 70.32, 70.98, 74.5, 76.16, 75.82, 76.42, 75.1, 76.36, 78.84, 78.24, 79.38, 77.8, 78.24, 79.5, 79.74, 80.4, 80.1, 79.56, 80.24, 80.08, 79.44, 81.56, 80.28, 81.08, 80.04, 81.0, 80.3, 81.62, 81.54, 82.34, 82.72, 81.16, 82.84, 81.34, 81.32, 80.5, 81.92, 82.62, 81.48, 82.68, 81.64, 81.28, 82.7, 82.42, 82.68, 82.18, 82.24]}