,final ssl loss,final train loss,final val loss,final test loss,test acc,train acc,val acc
0,-0.9951180334891003,0.45836714217763636,0.5462105052581259,0.5046095947226206,83.26,84.0911111111111,81.5
