{"final ssl loss": [2.6017485857009888, 2.548307587334197, 2.5333274538782584, 2.520909800114308, 2.515913391388027, 2.503388098198992, 2.495585389387592, 2.498854364689425, 2.4969058503872605, 2.490742859553436, 2.488543225158955, 2.4907152558105703, 2.4856343290717287, 2.484362157450443, 2.4820765313357307, 2.4720029121171803, 2.469015566090768, 2.463224154123118, 2.461049175140342, 2.4589578032340955, 2.465733355962971, 2.467157661991144, 2.458198273380343, 2.4625224256637614, 2.464648503652761, 2.465353545397711, 2.4693512466286576, 2.465325114974292, 2.4663132023109213, 2.467904529254049, 2.469627499885657, 2.474303003920483, 2.480705396771889, 2.4774138332176454, 2.482974716246357, 2.482438127759477, 2.488447318003822, 2.4902700858903755, 2.4940385882588876, 2.4964703932003847, 2.5006395262426357, 2.497992215632782, 2.5013034421564218, 2.5032628681534534, 2.505483326624969, 2.504407904212209, 2.5077365664300175, 2.513719160639217, 2.5242369439018826, 2.5268874814049385, 2.530776487727782, 2.5326169115633115, 2.5389805146887725, 2.5474334701838477, 2.542596446109337, 2.5555419033529208, 2.5517321895240364, 2.5573198581627175, 2.5639502922795647, 2.5648347137832155, 2.5589391206809715, 2.5642991163666515, 2.5699044499598758, 2.5686065463799976, 2.573494014453033, 2.5783732190785424, 2.573423863983643, 2.5844721204950623, 2.591589453431006, 2.599379361820587, 2.6058874662951226, 2.6002486112328405, 2.596574139198176, 2.596851261721378, 2.5923602646657966, 2.605614804122573, 2.610171903568712, 2.6157305980919263, 2.63923040349108, 2.6253660540269372, 2.624791102128511, 2.646807258474079, 2.6369495982549864, 2.6369828457411058, 2.6372958908618336, 2.6373793193533843, 2.6375275705291124, 2.6461443139404706, 2.649634695541538, 2.653867199997896, 2.6604634723345844, 2.6681376533837997, 2.6715507130311487, 2.6710475094034485, 2.6858994701302463, 2.6830792651438986, 2.6706370492292884, 2.683033977977445, 2.6882898169504084, 2.695975611365559], "final train loss": [1.533189345143243, 1.1179557697054505, 0.8876372324547703, 0.7845573991261735, 0.7116183858754029, 0.668072532986866, 0.6322631457106984, 0.5988259262113429, 0.5749233776085243, 0.5538463558427137, 0.5418062367408345, 0.5260650145860327, 0.5158727026220832, 0.5112036854325243, 0.4956060956313666, 0.48472204225636917, 0.481534786718317, 0.469867165202398, 0.4686498375240165, 0.4641983323778849, 0.4572555240516385, 0.4571490524907271, 0.45265453523812604, 0.443716335840465, 0.44041851771877605, 0.4361914998792806, 0.4319812036685344, 0.4335524662323005, 0.4260282331988925, 0.42387316663244473, 0.42728792289808104, 0.417988076366553, 0.4187306839636479, 0.41380137985660914, 0.4108429521099845, 0.4128282901002908, 0.4068001104438017, 0.404373812652706, 0.4063337013580821, 0.40321752649825265, 0.402994040055591, 0.40306763364731546, 0.40205798874785903, 0.3991731468802576, 0.3992420604218171, 0.39542395838648187, 0.3962576330798945, 0.3880325908816996, 0.389589221561599, 0.3907396224087108], "final val loss": [1.1709321372827906, 0.9151799821170272, 0.8267539673170466, 0.7905015617039552, 0.6926963551408926, 0.6550069103954704, 0.6131131757216849, 0.6733003344125809, 0.5952500625970257, 0.6499503026152872, 0.6088132394157397, 0.5683554660552627, 0.5640503758457815, 0.5578629444738862, 0.5528732542968859, 0.5620487439594452, 0.5034568557029317, 0.5277728221029233, 0.5369950267160015, 0.527678147717646, 0.5206082821082157, 0.5505202707781154, 0.4892805550888086, 0.5724671483988975, 0.5238402492491303, 0.5292258347105828, 0.5317716252082473, 0.5056442070728654, 0.5030438508957055, 0.554141903948632, 0.4842453686295042, 0.5174767926430247, 0.5320425355320524, 0.4650543793371529, 0.49883851693694, 0.4728873306588762, 0.5076702593523226, 0.5037924936812395, 0.4868813161827197, 0.47729299359830324, 0.4808666874553747, 0.5223923364452495, 0.5130030631924131, 0.4900309807935338, 0.48707418523396656, 0.48271975395785777, 0.4712858668463245, 0.5000393593766886, 0.5211734617496752, 0.45075716396236115], "final test loss": [1.1009630718931984, 0.8823505416274452, 0.7959213791944729, 0.74127400216584, 0.6340161263942719, 0.6040847730903199, 0.5632889392181707, 0.6076512381005973, 0.5570905141937085, 0.6124623671602517, 0.5778058582601456, 0.5321428275908144, 0.5333803307038908, 0.5312185469336403, 0.5131444886993295, 0.5098630752854835, 0.4710559350804399, 0.4863282239284759, 0.5057019577049219, 0.49493258394086703, 0.4864076073653401, 0.4788258967879481, 0.4685880674269443, 0.5346952904099093, 0.48148734593829406, 0.48648181786171546, 0.48375798490481636, 0.4617118340092726, 0.47735257458667785, 0.4914595468308979, 0.44501647750695295, 0.4693579909662469, 0.5273419312490061, 0.44635678970585235, 0.4899941724234115, 0.445321170476298, 0.4689639041218133, 0.48208746337852537, 0.45175822694509177, 0.4560717609934152, 0.44239624692037843, 0.5131216394825103, 0.4635014467346021, 0.4621376643736903, 0.47138384291634394, 0.45764236390209806, 0.44745583632312264, 0.5038913948514971, 0.49373981156669106, 0.429982740539141], "test acc": [59.7, 69.64, 72.54, 74.64, 78.62, 79.7, 80.82, 79.18, 81.23, 79.38, 80.13, 81.69, 82.03, 81.85, 82.83, 82.88, 83.85, 83.52, 82.72, 83.48, 83.28, 83.91, 84.48, 81.81, 84.13, 83.45, 83.47, 84.39, 84.23, 83.63, 85.04, 84.43, 83.24, 85.29, 83.69, 84.97, 84.52, 84.18, 84.84, 84.79, 85.09, 83.0, 84.3, 85.0, 84.38, 84.64, 84.78, 83.36, 83.93, 85.58], "train acc": [43.833333333333336, 60.224444444444444, 68.78222222222222, 72.67111111111112, 75.19333333333333, 76.73333333333333, 78.37555555555555, 79.47777777777777, 80.1511111111111, 80.89111111111112, 81.43555555555555, 82.07555555555555, 82.26222222222222, 82.53555555555556, 82.81555555555556, 83.28888888888889, 83.49777777777778, 83.68444444444444, 83.98444444444445, 84.18888888888888, 84.42222222222222, 84.42444444444445, 84.43777777777778, 84.75333333333333, 84.9888888888889, 85.03555555555556, 85.16222222222223, 85.02888888888889, 85.40666666666667, 85.50888888888889, 85.41777777777777, 85.64666666666666, 85.69111111111111, 85.88888888888889, 85.92666666666666, 85.8711111111111, 85.83333333333333, 86.11777777777777, 86.02, 86.22666666666667, 86.26444444444445, 86.17555555555556, 86.36222222222223, 86.45333333333333, 86.40666666666667, 86.42666666666666, 86.50666666666666, 86.66444444444444, 86.67111111111112, 86.62222222222222], "val acc": [58.3, 68.18, 71.84, 72.76, 76.06, 77.22, 78.72, 76.76, 79.68, 77.7, 79.32, 79.84, 80.34, 80.52, 81.32, 80.88, 82.64, 81.82, 81.04, 81.94, 82.3, 81.18, 83.3, 80.28, 82.42, 82.0, 82.0, 83.1, 83.38, 81.5, 83.36, 82.52, 81.84, 83.94, 82.68, 83.34, 82.9, 82.8, 83.76, 83.82, 83.4, 82.14, 83.16, 83.26, 83.72, 83.54, 83.94, 82.98, 81.88, 84.92]}