,final ssl loss,final train loss,final val loss,final test loss,test acc,train acc,val acc
0,4.120537392069232,0.26843505346544777,0.29674918204545975,0.22827808145738004,93.58481868469576,92.05381383567669,91.11384111384112
