{"final ssl loss": [5.0362677257516175, 4.832962262781493, 4.63956036282294, 4.547748308194262, 4.498206251518546, 4.45694770808822, 4.426032341323393, 4.397127179195392, 4.390412573212356, 4.370815846429427, 4.356549348097902, 4.345576499319847, 4.333715604662947, 4.327093436135741, 4.318838584053303, 4.309954777718007, 4.303721365734916, 4.312492108126299, 4.290774887334107, 4.293790301572501, 4.278684091130528, 4.269967657658355, 4.264136578850269, 4.26849359568158, 4.26090014340212, 4.256491370157364, 4.255474195359523, 4.245954925704596, 4.242009415278637, 4.241850895671253, 4.238594850841804, 4.229542500486328, 4.2237924453523705, 4.21886359619334, 4.228635014900218, 4.217774966753638, 4.217809437143068, 4.21570689670901, 4.218409517853996, 4.212984707950244, 4.204195930531786, 4.199945823341126, 4.205310171480624, 4.201019990907688, 4.1961500387412585, 4.194495872620049, 4.196151388217498, 4.193401656748687, 4.194309307217546, 4.1917598044419195, 4.1858460109480715, 4.180657340950089, 4.176415523205745, 4.179290583478462, 4.179613367758135, 4.1774907672493775, 4.1660712498564445, 4.17197041565698, 4.1759197666114884, 4.164908034877519, 4.171761210488669, 4.163729115519892, 4.178221729865185, 4.159307905762098, 4.1593364430807105, 4.162000118462266, 4.162294272305717, 4.159838407828121, 4.155831021687619, 4.157460132818026, 4.158108798944049, 4.158716351041215, 4.171755275126366, 4.151442566830396, 4.143235948211816, 4.151980623713535, 4.138483628480911, 4.146309968736714, 4.142893026676069, 4.1432525126264315, 4.148651100340343, 4.145368633128609, 4.134339704426057, 4.142459799911112, 4.138970763363552, 4.140561540765291, 4.148331667357212, 4.131213521165794, 4.142236563564649, 4.127880085915549, 4.1306967948815245, 4.131467615063402, 4.129431398845021, 4.131337152187769, 4.127889838891552, 4.126659295505808, 4.128119962295625, 4.127782117336168, 4.126428554650737, 4.120537392069232], "final train loss": [1.426339170427822, 0.5738345870295379, 0.4448250060822419, 0.39806761292217424, 0.3684564397743985, 0.3587492524222812, 0.3341011300209452, 0.32836675188110576, 0.31707747091260396, 0.31357411735757557, 0.3103023273996875, 0.301589583847012, 0.3050980747400384, 0.29957339217843854, 0.2939460682612652, 0.29524446654050807, 0.2922089811186733, 0.288861468258101, 0.29032032610261105, 0.2840401697293835, 0.28482246486364365, 0.28651928580431596, 0.2817720830122398, 0.2833889411084086, 0.28121024361517405, 0.28198675665333833, 0.2779015867588142, 0.2791830314005183, 0.2779937017237255, 0.2754927685584607, 0.2736990391328743, 0.27637364435871786, 0.27751710650875755, 0.2743669305844454, 0.27597557635474473, 0.2749497114275372, 0.27065115110078364, 0.27387329654506926, 0.2714487628049675, 0.27357263910398427, 0.2715907614508238, 0.2743538015543301, 0.2725046373924538, 0.2705547174073716, 0.2684309243146386, 0.27002585707241394, 0.2707818811560526, 0.27038729736063594, 0.2686070747626516, 0.26843505346544777], "final val loss": [0.74279634661029, 0.46713340780230067, 0.40479748465088256, 0.4133543669201401, 0.3720874467693822, 0.3720154439680701, 0.3490511870670527, 0.31915465552018196, 0.3270497964329074, 0.3358580923464361, 0.34333919130233176, 0.3331529808486913, 0.3433327311771926, 0.31049976662191764, 0.3513450136806767, 0.32531676355212535, 0.3137690030103427, 0.30620999486230344, 0.3310599320743021, 0.3251296841746855, 0.3131452756710188, 0.3083693746265886, 0.3038993293590291, 0.38022392487161544, 0.3074872449495907, 0.30815787785828896, 0.31986328383590457, 0.2993422120272723, 0.3224877378695917, 0.2954333636372891, 0.3044513305527154, 0.31816526250222366, 0.30004625438863014, 0.2938459375507186, 0.298649282011663, 0.2940260280883468, 0.29223297498957557, 0.31073320328408455, 0.3001872007389386, 0.3058932760169152, 0.30737142681294655, 0.30004241589180247, 0.3044239461552108, 0.29448342673057554, 0.314156067098072, 0.30072316442774893, 0.31003499812727153, 0.2991715218692888, 0.2980723783178621, 0.29674918204545975], "final test loss": [0.7243802306363565, 0.4152376532408178, 0.3755743543317665, 0.42272383178737594, 0.2936922912691841, 0.3128140321589494, 0.30470575045917814, 0.26842591424040146, 0.25341673106806356, 0.2957666106922529, 0.33964760313542786, 0.272949204173772, 0.2772530034231365, 0.28159290979243357, 0.3019498065600277, 0.24542227698174243, 0.2521897719512838, 0.2658124927263158, 0.26406219569652706, 0.2864045913454777, 0.2818895833491272, 0.2840580334749613, 0.2794463162708579, 0.327220386992545, 0.2567397730049725, 0.24326755119835458, 0.2484695116024812, 0.26158117243610507, 0.2666773503870504, 0.2625181701169315, 0.2276190201659213, 0.28385253473160976, 0.24091799742100573, 0.22923609373990345, 0.2504531569717136, 0.2381234121041519, 0.23465685794674573, 0.24829826975660055, 0.25632473043250764, 0.24495542604597492, 0.2709891467986752, 0.24252299232527394, 0.2509222070604142, 0.23659644447980993, 0.2605742400692872, 0.24927830183935748, 0.2720150500999338, 0.2728899056000374, 0.2494640776301741, 0.22827808145738004], "test acc": [76.53657037492317, 86.98140749846343, 88.4680393362016, 86.84695759065765, 91.16856177012907, 90.66149354640443, 90.87277197295636, 91.96373693915181, 92.67055931161647, 91.24154886293792, 89.88936693300553, 91.8139213275968, 91.8638598647818, 91.47971727105102, 91.29148740012293, 92.85494775660726, 92.71665642286416, 92.26720958819914, 92.26720958819914, 91.57959434542101, 91.5181315304241, 91.49124154886294, 91.74861708666256, 90.5577750460971, 92.53995082974801, 92.82037492317149, 92.70129071911494, 92.40165949600491, 92.09434542102028, 92.23263675476336, 93.26982175783651, 91.99830977258759, 93.11616472034419, 93.43500307314075, 92.75122925629994, 93.14305470190534, 93.24677320221267, 92.71665642286416, 92.58988936693301, 93.01628764597419, 91.92916410571604, 92.77043638598647, 92.73970497848802, 93.26982175783651, 92.55147510755992, 92.67440073755378, 92.01367547633681, 92.0597725875845, 92.75891210817456, 93.58481868469576], "train acc": [50.17366640882134, 81.61562846005673, 86.20072500037918, 87.62342448923874, 88.58503587083466, 89.08707588236186, 89.85454490300465, 89.99863493652455, 90.4172544023297, 90.50825863402648, 90.62353066084239, 91.01484885713852, 90.79492196387132, 90.92536136263669, 91.23932596199056, 91.21050795528659, 91.19230710894723, 91.44863569489314, 91.39251641868013, 91.59575920280292, 91.5684579332939, 91.42133442538412, 91.62154373511702, 91.58969225402315, 91.70951449242389, 91.6276106838968, 91.71861491559358, 91.70344754364412, 91.77321745461164, 91.85663800033369, 91.82175304484991, 91.84602083996906, 91.67462953694013, 91.86118821191852, 91.78383461497626, 91.75805008266218, 91.94915896922541, 91.9294413856911, 91.94915896922541, 91.88545600703766, 92.03864646372723, 91.8702886350882, 91.91124053935175, 91.99314434787884, 92.01589540580304, 91.97494350153949, 91.8733221094781, 92.07656489360089, 91.96280960397992, 92.05381383567669], "val acc": [75.41632541632542, 85.42178542178542, 87.57848757848758, 87.16898716898717, 88.57493857493857, 88.77968877968878, 89.2983892983893, 90.4995904995905, 90.22659022659023, 89.87168987168987, 89.57138957138957, 89.50313950313951, 90.15834015834015, 90.70434070434071, 89.54408954408954, 90.36309036309036, 90.84084084084084, 90.64974064974065, 90.22659022659023, 90.74529074529075, 91.04559104559105, 90.95004095004094, 91.12749112749113, 88.56128856128856, 90.97734097734097, 90.95004095004094, 90.45864045864046, 91.1001911001911, 90.37674037674037, 91.18209118209118, 90.84084084084084, 90.52689052689053, 91.37319137319137, 91.30494130494131, 91.22304122304122, 91.45509145509145, 91.35954135954135, 90.44499044499044, 91.29129129129129, 90.9090909090909, 90.92274092274093, 91.14114114114115, 91.12749112749113, 91.46874146874147, 90.81354081354081, 91.27764127764128, 91.11384111384112, 90.9090909090909, 91.14114114114115, 91.11384111384112]}