,final ssl loss,final train loss,final val loss,final test loss,test acc,train acc,val acc
0,-0.9999573826789856,0.260096173900668,0.31005368145044454,0.25386662293037887,92.73586355255071,92.31165915881755,90.92274092274093
