{"final ssl loss": [-0.987255334854126, -0.987736165523529, -0.9879321455955505, -0.9880459904670715, -0.9879186749458313, -0.987622857093811, -0.9872698783874512, -0.9871112108230591, -0.9868767857551575, -0.986896812915802, -0.9871810674667358, -0.987472653388977, -0.9881141185760498, -0.9884490370750427, -0.9880566000938416, -0.9874061942100525, -0.9876115322113037, -0.9878835082054138, -0.9883939623832703, -0.9886696338653564, -0.9890492558479309, -0.9892301559448242, -0.9885087609291077, -0.9888575077056885, -0.9888157844543457, -0.9884863495826721, -0.9878607392311096, -0.9881402254104614, -0.9859951138496399, -0.9819295406341553, -0.9823422431945801, -0.9837830662727356, -0.9839546084403992, -0.9830611944198608, -0.984277606010437, -0.9856483340263367, -0.9861564040184021, -0.9862056970596313, -0.9861686825752258, -0.9866883158683777], "final train loss": [1.5232514642025448, 1.1429745879424067, 0.9078616327271871, 0.7923794277568361, 0.7227986365154269, 0.6754991808679821, 0.6372690071175093, 0.6150423009809062, 0.5906595876857416, 0.5733095852826281, 0.5521809616640433, 0.5440075010082446, 0.5246173330525091, 0.5190042057779553, 0.5087398834786012, 0.49982989987049997, 0.4949947417724954, 0.48222144468612677, 0.4738269397550724, 0.46870962061734595, 0.46347408493624653, 0.4594116832825336, 0.45261775988717406, 0.4523171578569029, 0.44427722986912, 0.4473388126039217, 0.43831080792957616, 0.43705467990445346, 0.4330447390887359, 0.4330122860197531, 0.42992936514778685, 0.4223723200010169, 0.4255288679896726, 0.4229681816431293, 0.4206570223100912, 0.4222537590973159, 0.41130290406292097, 0.4095706957277882, 0.41044671047153247, 0.4088268326284323, 0.40758893914208316, 0.4063370519641366, 0.40373687036785577, 0.39964088618056354, 0.39892961924687803, 0.39844755036193763, 0.3984282702980689, 0.39825442481280304, 0.39581734458859624, 0.39315997280164566], "final val loss": [1.2088024825047536, 0.9704719299723388, 0.8211433999477677, 0.7878343755272543, 0.8556618024209502, 0.717712046234471, 0.6842904377515149, 0.6481239362886757, 0.6610637166697508, 0.7080459340362791, 0.6200703002844646, 0.6164972576176285, 0.5647988956255517, 0.5731140833561588, 0.5793631650080346, 0.5446316606489716, 0.613606453321542, 0.5394427311268581, 0.5962717032926098, 0.5397770647790022, 0.5807773745173861, 0.5367174705692158, 0.5296035520020564, 0.536276763269476, 0.5312726274132729, 0.5338641651876413, 0.4963047855361632, 0.5072732414979084, 0.5075355306932121, 0.5595517698556755, 0.5078494837329646, 0.569307113529011, 0.5499079298156841, 0.5404941772769212, 0.5039316656862854, 0.48963325812368635, 0.4943852755863955, 0.5467526443824646, 0.5032124309592946, 0.49098936615476185, 0.5319492283994984, 0.5212015223920725, 0.538106967926405, 0.49337921424466336, 0.4757215953936243, 0.5086088000209468, 0.4958788180237363, 0.5376583514794423, 0.47591755287662435, 0.46912904577270437], "final test loss": [1.1271861698299932, 0.8976200917087043, 0.775121800339641, 0.724775530183658, 0.796317944511438, 0.6374587747521294, 0.6309451992138506, 0.597328648828089, 0.6056361463123237, 0.6808364964521731, 0.5609626007822756, 0.5574478249009044, 0.5348387973757979, 0.5244387125911804, 0.5331364637984636, 0.5110390951125005, 0.6012625524315971, 0.5102713491303471, 0.5375779105451541, 0.5123276934265709, 0.5308448819401926, 0.48899370093886463, 0.4958448668067067, 0.5109477776784105, 0.4997954198156302, 0.4722137157671368, 0.4687518615025682, 0.461103080560605, 0.4790271078340543, 0.5293240255583971, 0.46402833239434244, 0.5272630996311816, 0.5059527538883419, 0.47275130169841045, 0.4748505333932444, 0.4480882929251217, 0.45234208130322323, 0.5002116040823559, 0.4559839999618622, 0.4616977807146292, 0.491781069971502, 0.4633188455011517, 0.49883139757112194, 0.4601609613805914, 0.43469085205144015, 0.4772837140713446, 0.45522617577268676, 0.49498517763690825, 0.41905275867960323, 0.42233816589029455], "test acc": [58.67, 68.52, 73.24, 75.54, 73.12, 78.27, 78.78, 79.92, 79.7, 77.03, 80.67, 80.98, 81.74, 82.39, 81.94, 82.46, 80.24, 82.62, 81.97, 82.8, 82.22, 83.54, 83.81, 83.4, 83.25, 84.18, 84.6, 84.37, 83.97, 82.78, 84.28, 82.61, 83.29, 84.08, 83.71, 84.96, 84.4, 83.59, 84.89, 84.33, 83.62, 84.66, 83.32, 84.47, 85.59, 83.9, 84.51, 83.46, 85.5, 85.61], "train acc": [43.717777777777776, 59.36666666666667, 68.22222222222223, 72.55555555555556, 74.79777777777778, 76.72222222222223, 78.10222222222222, 79.13777777777777, 79.49777777777778, 80.5111111111111, 81.16, 81.31777777777778, 82.19777777777777, 82.24888888888889, 82.51333333333334, 83.00666666666666, 83.19111111111111, 83.37333333333333, 83.75555555555556, 83.96888888888888, 83.99777777777778, 84.22888888888889, 84.47333333333333, 84.52888888888889, 84.74222222222222, 84.72888888888889, 85.03555555555556, 85.02222222222223, 85.13333333333334, 85.2311111111111, 85.27333333333333, 85.50222222222222, 85.4888888888889, 85.54888888888888, 85.70666666666666, 85.58444444444444, 85.9, 85.84222222222222, 86.02222222222223, 86.0, 86.01333333333334, 86.0911111111111, 86.32, 86.46444444444444, 86.43555555555555, 86.45111111111112, 86.34666666666666, 86.43111111111111, 86.49777777777778, 86.67111111111112], "val acc": [55.88, 65.36, 71.68, 72.2, 70.46, 75.34, 76.14, 77.88, 77.28, 75.78, 78.8, 78.74, 80.76, 80.48, 80.82, 81.52, 79.74, 81.62, 79.3, 81.52, 79.82, 82.08, 82.1, 81.72, 81.6, 82.1, 83.28, 83.0, 82.98, 80.98, 81.98, 80.96, 81.72, 82.22, 82.76, 83.34, 83.56, 82.16, 82.8, 83.24, 82.3, 82.88, 82.02, 83.22, 83.84, 82.9, 83.1, 82.24, 83.64, 84.18]}