,final ssl loss,final train loss,final val loss,final test loss,test acc,train acc,val acc
0,-0.9866883158683777,0.39315997280164566,0.46912904577270437,0.42233816589029455,85.61,86.67111111111112,84.18
