,final ssl loss,final train loss,final val loss,final test loss,test acc,train acc,val acc
0,4.820914053416752,0.265406295283454,0.2613753476322478,0.25208702161439056,92.75122925629994,92.129650695424,92.51979251979252
