{"final ssl loss": [-0.9126116633415222, -0.9655819535255432, -0.9764477014541626, -0.9765270352363586, -0.9801409244537354, -0.9839540719985962, -0.984654426574707, -0.9884663820266724, -0.9883432388305664, -0.9910230040550232, -0.992443859577179, -0.9923985004425049, -0.9936400055885315, -0.9948804974555969, -0.9960038065910339, -0.9964144825935364, -0.9962373375892639, -0.9967777132987976, -0.9972134828567505, -0.996544361114502, -0.9961122870445251, -0.9964579939842224, -0.9972065687179565, -0.9973443746566772, -0.9967979192733765, -0.997070848941803, -0.9974469542503357, -0.9975007176399231, -0.9977687001228333, -0.997596800327301, -0.9969750046730042, -0.9974900484085083, -0.9977942109107971, -0.9975180625915527, -0.996900200843811, -0.9973261952400208, -0.9974664449691772, -0.9970320463180542, -0.9971445798873901, -0.9972246885299683, -0.9978736042976379, -0.9979544281959534, -0.9972410202026367, -0.9981964826583862, -0.9982321262359619, -0.9978117942810059, -0.9979327917098999, -0.9974482655525208, -0.9980034232139587, -0.9985612034797668], "final train loss": [1.5993511531059845, 1.185240485012404, 0.9469356573297355, 0.8254373631285875, 0.7409464018982017, 0.6914474581922295, 0.6522383429560157, 0.6246614055529333, 0.598441208275227, 0.5774729801520609, 0.5581324047222999, 0.5511271948393305, 0.535304310119313, 0.5229381070430599, 0.5138651442945046, 0.5017366509066462, 0.49642906581033774, 0.4876619628190401, 0.4821265292563757, 0.4791563848707383, 0.4695801576539906, 0.46543828405932325, 0.46321102822703847, 0.45384456535540496, 0.4580863634628782, 0.44765354554197345, 0.43977777623884545, 0.4427579403527256, 0.4345777892344118, 0.4398722699058971, 0.435152587489448, 0.4274260971719014, 0.4277670622089058, 0.4220876651574469, 0.42122749720555125, 0.4239927720021676, 0.4177174523483377, 0.4146824382224359, 0.41844207934860483, 0.412027120966181, 0.4124294896772252, 0.41282926490841476, 0.406966956105949, 0.4035467167398823, 0.4085905727028169, 0.40924243761495277, 0.3988085205441006, 0.4015711569429164, 0.39929654571017903, 0.39761562198506406], "final val loss": [1.2567456835394453, 0.9626020971377185, 0.8587120803678112, 0.7792754180871757, 0.7396030283657609, 0.6693143318792817, 0.6380670302233119, 0.7678357146348164, 0.6158856130709314, 0.6119079904951108, 0.6031531499829262, 0.5811037109915618, 0.5715335221237438, 0.5862439075473008, 0.6275675553994574, 0.5715964521951736, 0.525710164741346, 0.5230932315443731, 0.5183616293843385, 0.5198357759197806, 0.5323129316234285, 0.5448486590461367, 0.5449632721342099, 0.5268010581090192, 0.5842462154520545, 0.5210943465969365, 0.49580115383597695, 0.47819019256124073, 0.4992263564828095, 0.5047482080330514, 0.49453217208765116, 0.5038049268494745, 0.5180895426280939, 0.5162591082844764, 0.5213688589205407, 0.47306023509639084, 0.5283028451120777, 0.4922796561839474, 0.5169367383050311, 0.4852687764889116, 0.4929501123868736, 0.49806987005434217, 0.48213965868114667, 0.4970172823994023, 0.48726061309219165, 0.4884284737573308, 0.48422111509142407, 0.5056837049259502, 0.478038652497492, 0.47640704093085734], "final test loss": [1.169204518627435, 0.911001959643044, 0.8224916103929757, 0.7262464631289339, 0.6856946462449937, 0.6525498707644856, 0.6082303602093706, 0.6851861015581094, 0.5848712295103378, 0.5696398447782468, 0.5505245380793897, 0.5367142651884701, 0.5405988487572716, 0.5607890192026528, 0.5673207077450646, 0.5273455099675792, 0.49542629102262825, 0.49255496318252706, 0.48539127658207576, 0.4816995198829486, 0.4985523377173244, 0.5239754292054679, 0.5160227585524416, 0.48888202206776166, 0.5541487859841734, 0.5065120286263597, 0.4630533593912094, 0.46848185757954663, 0.46428957343482363, 0.47857528384596393, 0.4627578846229532, 0.464471069649576, 0.4850192265674329, 0.4835504557901678, 0.47984576787049776, 0.4434260884984233, 0.4830235562766322, 0.46247909182367236, 0.47932159986358863, 0.45770826454931934, 0.4640763685250054, 0.4595506945357155, 0.4620482754021788, 0.46511335913746504, 0.47715643129219265, 0.4662010860138427, 0.46056409225391504, 0.47417723665983913, 0.4413226466542616, 0.4484145977436163], "test acc": [56.97, 67.52, 71.16, 75.39, 76.29, 78.23, 79.3, 76.83, 80.66, 80.86, 81.2, 81.68, 82.03, 80.68, 81.25, 82.36, 82.94, 83.46, 83.77, 83.88, 83.14, 82.73, 82.43, 83.59, 81.86, 83.0, 84.35, 84.16, 84.17, 84.33, 84.78, 84.4, 84.19, 83.95, 83.9, 84.96, 84.31, 84.51, 84.25, 84.7, 84.76, 84.6, 84.83, 84.47, 84.3, 84.3, 84.96, 84.3, 85.35, 85.08], "train acc": [40.75555555555555, 57.51777777777778, 66.53777777777778, 71.00444444444445, 74.10222222222222, 76.07333333333334, 77.36666666666666, 78.38, 79.41555555555556, 80.13333333333334, 80.98444444444445, 81.01555555555555, 81.54, 81.94444444444444, 82.42, 82.8, 83.05111111111111, 83.2911111111111, 83.49111111111111, 83.51555555555555, 83.96, 84.08888888888889, 84.09555555555555, 84.5911111111111, 84.41333333333333, 84.86, 85.01333333333334, 84.92888888888889, 85.08888888888889, 85.06888888888889, 85.1288888888889, 85.39555555555556, 85.28, 85.56888888888889, 85.64, 85.58444444444444, 85.52444444444444, 85.83333333333333, 85.53333333333333, 85.72888888888889, 85.89777777777778, 85.93111111111111, 86.11333333333333, 86.21333333333334, 85.95111111111112, 85.95333333333333, 86.21111111111111, 86.37777777777778, 86.16444444444444, 86.40444444444445], "val acc": [54.38, 64.84, 70.08, 72.44, 73.62, 76.98, 77.82, 74.86, 78.6, 78.84, 79.18, 79.68, 79.68, 79.84, 77.92, 80.86, 81.68, 81.98, 82.58, 81.96, 81.98, 81.32, 81.58, 82.14, 80.9, 82.2, 83.14, 83.46, 82.88, 83.0, 83.24, 83.32, 82.9, 82.54, 82.34, 83.96, 82.56, 83.78, 82.78, 83.4, 83.26, 83.34, 83.56, 83.08, 83.0, 83.34, 83.4, 83.08, 83.58, 84.12]}