,final ssl loss,final train loss,final val loss,final test loss,test acc,train acc,val acc
0,-0.995871246486277,0.25930085759618976,0.2701165000928411,0.2555255696809043,92.58988936693301,92.37384538381035,92.38329238329239
