{"final ssl loss": [-0.993640211703894, -0.9938544168338909, -0.9940616484288569, -0.9942330913943844, -0.9944133029117451, -0.9945423077870083, -0.9946808842095461, -0.9947885768813687, -0.9949136326363036, -0.9950346052646637, -0.9951216272124044, -0.9952100194417514, -0.9953031014729213, -0.995383001082427, -0.99545886966732, -0.9955329436522263, -0.9955629104084068, -0.9956186976466146, -0.9956574085709098, -0.9956851885035322, -0.9957075827605241, -0.9957334853552439, -0.9957550543171543, -0.9957674664634091, -0.9957761049687446, -0.995768088560838, -0.9957848514293457, -0.9957667614196564, -0.9957818647364637, -0.9957679658086149, -0.9957640204396281, -0.9957491749233299, -0.995748183318785, -0.9957649866184155, -0.9957800244951581, -0.9957874115113612, -0.9957842457961369, -0.9958123960695067, -0.9958226543206435, -0.995871246486277], "final train loss": [1.0201065460204615, 0.4612228955525845, 0.3859104613228107, 0.3530439596183956, 0.3362696683996803, 0.3237029352324325, 0.31476355480886037, 0.30593429608311196, 0.3031036187612218, 0.29398285915640404, 0.2928595696709244, 0.29002608868082436, 0.285964923595837, 0.28598035907635827, 0.28229637910991057, 0.2794062326124958, 0.27701543093636843, 0.2772015662559284, 0.27352761272485615, 0.27304240885384523, 0.2746680934720504, 0.2718494251842192, 0.2740800845500467, 0.26928095360549076, 0.27163152174625593, 0.2699387625247522, 0.2686111015249143, 0.26746616227220615, 0.2672298278082081, 0.2651022386387865, 0.26686311692988146, 0.2642765375466955, 0.2645741729047701, 0.2637554479040809, 0.26556775000372024, 0.26402728043294166, 0.2629519532828229, 0.2627931693089834, 0.26388877262788374, 0.2618685881428742, 0.26222669613045585, 0.2606614640390176, 0.2619391709402536, 0.26351258625836266, 0.2604698789225099, 0.2622052190011057, 0.2597827978056215, 0.258075188397584, 0.2586876370603818, 0.25930085759618976], "final val loss": [0.5238827949788373, 0.3860071056794912, 0.35719448894945555, 0.3636716322314531, 0.3217668835984698, 0.3030788000209428, 0.2885388318514329, 0.28500106057160285, 0.2930733149863096, 0.29031995404105, 0.28197796443501677, 0.26915543860304436, 0.2852315999177085, 0.29047642126028717, 0.28564036605009346, 0.26411900908470676, 0.28580541733863835, 0.2747772160315618, 0.2921870515059566, 0.288598949105914, 0.3030498331355736, 0.27221542543540483, 0.268912906176919, 0.2713611068358588, 0.2587325986572358, 0.2737111407271119, 0.2849431466961922, 0.28666267150354174, 0.30350870119334566, 0.2667019196977131, 0.2813503507841948, 0.3028215675220284, 0.28281444396547095, 0.25810891578958156, 0.2959834700653647, 0.2954394706894997, 0.2957496224011917, 0.2691987482302184, 0.2586002774357666, 0.41469634473161143, 0.28743755427803275, 0.26829145159816375, 0.2915988344064706, 0.26503610767537983, 0.29368780825823937, 0.2907526686982817, 0.2982675830414722, 0.28379560529160835, 0.27065502883923365, 0.2701165000928411], "final test loss": [0.4969296989646678, 0.3697122559431913, 0.3658755120205755, 0.36075177438859196, 0.3093336509776368, 0.26490786120968274, 0.25353559920065455, 0.2594811944485498, 0.2630108387932566, 0.2793740450017868, 0.27045552758900426, 0.26482647817115085, 0.24555155094163789, 0.2541985389472189, 0.24850643665875316, 0.259015219231738, 0.23758939245923968, 0.24262268227669215, 0.24341962321293004, 0.3013989305522988, 0.30509798247275616, 0.25951861536201243, 0.2627754846206782, 0.26693079825055943, 0.2656422989323955, 0.2623693139592062, 0.2806976533092156, 0.29457407578922057, 0.30336623010683245, 0.24673623418726062, 0.25999680244597245, 0.2903169797051524, 0.285493295278208, 0.27895750565207234, 0.2805179087159107, 0.2886386255330935, 0.26471668610198273, 0.27570517706462805, 0.24465699762813015, 0.3450628186636707, 0.2601114862852476, 0.2396176631599024, 0.25854568846159925, 0.24333008126806496, 0.2714567255378639, 0.26367373014994755, 0.3158492866991642, 0.279901106875042, 0.2513279870766872, 0.2555255696809043], "test acc": [85.04532882606023, 89.09035033804548, 89.14413030116779, 89.3938229870928, 91.05331899200984, 92.25568531038722, 92.94714197910264, 92.61677934849416, 92.45543945912723, 92.11355255070683, 92.09434542102028, 92.2979409956976, 92.87031346035648, 92.70897357098956, 93.18531038721574, 92.59757221880763, 93.23140749846343, 93.0201290719115, 93.05470190534726, 91.26459741856176, 91.1762446220037, 92.5361094038107, 92.53226797787339, 92.37092808850646, 92.45928088506453, 92.37861094038107, 91.43746158574062, 91.78703134603565, 91.09557467732022, 92.95482483097726, 92.50537799631223, 91.68331284572834, 92.2019053472649, 92.03288260602335, 91.68715427166565, 91.54886293792255, 92.07129686539643, 92.16733251382914, 93.0201290719115, 90.59234787953288, 92.60141364474492, 93.03549477566072, 92.60909649661954, 92.91256914566686, 92.21727105101414, 92.440073755378, 91.0341118623233, 91.81776275353411, 92.8318992009834, 92.58988936693301], "train acc": [65.59736694422958, 85.95349683760296, 88.42426172817036, 89.39194005854606, 90.01835252005885, 90.35658491453187, 90.71301815534423, 90.92991157422153, 91.13315435834433, 91.3030289241783, 91.42436789977401, 91.49868802232638, 91.63216089548165, 91.5851420424383, 91.62912742109175, 91.81416935887519, 91.81871957046003, 91.92489117410626, 91.87180537228315, 91.97797697592938, 91.92489117410626, 91.97342676434454, 91.82023630765497, 92.13875111859367, 92.01892888019293, 92.03561298933734, 92.09931595152509, 92.11751679786444, 92.11600006066949, 92.22217166431572, 92.11144984908465, 92.24188924785003, 92.21913818992583, 92.28739136369842, 92.23278882468034, 92.24340598504497, 92.29952526125798, 92.32379305637713, 92.15846870212798, 92.29649178686809, 92.3723286466154, 92.37687885820024, 92.3071089472327, 92.23582229907024, 92.38901275575981, 92.29952526125798, 92.35109432588615, 92.53158605208476, 92.3071089472327, 92.37384538381035], "val acc": [84.05678405678405, 89.06633906633907, 89.31203931203932, 89.46218946218946, 90.66339066339066, 91.18209118209118, 91.74174174174175, 91.97379197379198, 91.48239148239148, 91.79634179634179, 92.06934206934207, 92.38329238329239, 91.87824187824188, 91.61889161889162, 91.87824187824188, 92.53344253344254, 91.75539175539176, 92.12394212394213, 91.5915915915916, 91.74174174174175, 91.18209118209118, 92.23314223314223, 92.3013923013923, 92.1921921921922, 92.72454272454273, 92.36964236964236, 91.6052416052416, 91.90554190554191, 91.42779142779143, 92.34234234234235, 91.79634179634179, 91.44144144144144, 91.82364182364182, 92.38329238329239, 91.53699153699154, 91.46874146874147, 91.48239148239148, 92.02839202839203, 92.38329238329239, 88.73873873873873, 91.61889161889162, 92.28774228774229, 91.4004914004914, 92.57439257439258, 91.68714168714169, 91.63254163254163, 91.6052416052416, 91.87824187824188, 92.12394212394213, 92.38329238329239]}