{"final ssl loss": [-0.9638876914978027, -0.9839115738868713, -0.9846146702766418, -0.9863342642784119, -0.9891998171806335, -0.9885931611061096, -0.9910675287246704, -0.9935046434402466, -0.9949133992195129, -0.9960970878601074, -0.9954920411109924, -0.996501088142395, -0.9965591430664062, -0.9967153072357178, -0.9969436526298523, -0.9967808723449707, -0.9973878860473633, -0.9973650574684143, -0.9978910684585571, -0.9977693557739258, -0.9974818229675293, -0.9973698258399963, -0.9979798197746277, -0.9976626038551331, -0.9978973865509033, -0.9974019527435303, -0.997681200504303, -0.9979426860809326, -0.998145580291748, -0.9985156655311584, -0.9980580806732178, -0.9982267618179321, -0.9981066584587097, -0.9984567165374756, -0.9985812902450562, -0.9988269209861755, -0.9987869262695312, -0.998898983001709, -0.9987491369247437, -0.9981778860092163, -0.9979602098464966, -0.9983773231506348, -0.998188853263855, -0.9973284602165222, -0.9979049563407898, -0.9980608820915222, -0.9984066486358643, -0.998396098613739, -0.9985547065734863, -0.9980961680412292], "final train loss": [1.1541897892185577, 0.4715102306164508, 0.39257483662064074, 0.35813464851094673, 0.3368849643406244, 0.3265442023449611, 0.3127256134242065, 0.310298758797973, 0.3005967893850552, 0.29347533269521897, 0.29261092299686753, 0.28804026118695214, 0.2847508673205039, 0.2835285063843843, 0.28166899039088766, 0.2784942459773267, 0.2772192980141561, 0.27533952082330626, 0.27370116155827756, 0.2720010520841552, 0.27233763555519386, 0.2697721987231583, 0.27121045886711087, 0.2696247306154848, 0.2687047406057712, 0.26704772935266535, 0.2679792932613831, 0.26354001405432437, 0.2660986408979886, 0.26114262583765413, 0.26279366247749975, 0.263019484603933, 0.2612023871588127, 0.26090514975880563, 0.25891145126698, 0.25930576836658675, 0.2597390941065392, 0.25965198220243185, 0.25800638283525623, 0.2588297485734062, 0.25711367270705454, 0.26030865997439345, 0.2575858810357117, 0.2570208170984893, 0.25480910399743417, 0.2575174635617367, 0.25726441039321046, 0.2594143129511945, 0.25560008376305365, 0.2555032396532707], "final val loss": [0.5297259957769552, 0.43831860072357687, 0.3739134558358567, 0.38005384470958375, 0.401550667677644, 0.3290161523301008, 0.33152931616295894, 0.33087828582941703, 0.3286128409947045, 0.3084844973458864, 0.3050227588668921, 0.3232622717438046, 0.3273814943086307, 0.29008067551365846, 0.3071715286465191, 0.3065594391791581, 0.29473325179881665, 0.2969307055184414, 0.3277225569703954, 0.2974255028705409, 0.29994982055603936, 0.285753304488534, 0.28665869572407293, 0.30590946117505496, 0.2955422263478608, 0.2889577279672612, 0.3171363989924239, 0.29886496716939465, 0.29694241615557254, 0.27593949467236556, 0.2783760511556307, 0.2788331936231477, 0.2888480440985948, 0.2811967857003082, 0.28885801679019585, 0.29433750078147153, 0.28890615678900716, 0.291755021700237, 0.2791560669083913, 0.2852736891422209, 0.30351166183934203, 0.2700207759524537, 0.28307768058308347, 0.28919977301072863, 0.2827051871956436, 0.29035784900351125, 0.2867070341311948, 0.29583949574541835, 0.2794876011763598, 0.28873771730013287], "final test loss": [0.5514783577705191, 0.38519083562533596, 0.361339548941363, 0.3726940931882755, 0.3606014871953801, 0.30298589591019276, 0.29536862373214756, 0.2915724136543984, 0.285653699936542, 0.2894744581276327, 0.29069956283128523, 0.26244465052779464, 0.28869151808916427, 0.2689508801075591, 0.26056581691333097, 0.272338159205003, 0.2392074983161977, 0.2739175699439005, 0.24925362287576627, 0.2570065282186818, 0.26954085158163577, 0.258576153561299, 0.2503408806922523, 0.24374216509850224, 0.2453239999856818, 0.2242981245373982, 0.26827368010733627, 0.27747086906137464, 0.26397700937171936, 0.22485920537980525, 0.23724707493075703, 0.23696515317926187, 0.23944825323925556, 0.2399256379786634, 0.2408576360743502, 0.22294643572480155, 0.25336286591260676, 0.2377990516284778, 0.23663811397187284, 0.24299122334208514, 0.26962043073243425, 0.2494832752398341, 0.2504040532664188, 0.2298384118560331, 0.23282336532103964, 0.24306136140078125, 0.26174930734468366, 0.245500508610031, 0.2310915625899005, 0.25210583334329884], "test acc": [83.1860786724032, 88.3758451137062, 88.99047326367548, 88.86370620774431, 89.13260602335588, 91.04947756607253, 91.3721573448064, 91.49892440073755, 91.76782421634911, 91.59880147510756, 91.35679164105716, 92.47080516287646, 91.99446834665028, 92.18269821757836, 92.75122925629994, 92.04824830977259, 93.23140749846343, 92.25952673632452, 92.96250768285188, 92.50921942224954, 92.28641671788569, 92.48232944068839, 92.85494775660726, 92.93177627535341, 92.90488629379226, 93.6578057775046, 92.38245236631838, 92.04056545789797, 92.3478795328826, 93.5118315918869, 93.24293177627536, 93.39274738783037, 93.13153042409343, 93.15073755377996, 93.10079901659496, 93.68469575906576, 93.04701905347265, 93.34280885064535, 93.20451751690227, 92.9240934234788, 91.90227412415489, 92.81653349723418, 92.6820835894284, 93.5540872771973, 93.43116164720344, 93.08927473878303, 92.41318377381684, 92.9240934234788, 93.45421020282728, 93.0700676090965], "train acc": [60.457144590556794, 85.55459495533209, 88.13608166113058, 89.16897969088896, 89.96830019262562, 90.16850950235853, 90.60684655169798, 90.86772534922873, 91.04973381262229, 91.3030289241783, 91.27724439186422, 91.43953527172347, 91.4835206503769, 91.67917974852497, 91.7292320759582, 91.70344754364412, 91.67766301133003, 91.8900062186225, 91.91579075093658, 92.00527824543842, 91.94764223203046, 91.98404392470917, 92.05836404726153, 92.04319667531207, 92.03257951494744, 92.15846870212798, 92.10234942591497, 92.24340598504497, 92.12358374664421, 92.3723286466154, 92.27677420333379, 92.27525746613884, 92.30559221003777, 92.25250640821464, 92.45726592953238, 92.35412780027605, 92.26919051735906, 92.3723286466154, 92.39659644173454, 92.3495775886912, 92.53765300086454, 92.2904248380883, 92.4542324551425, 92.44816550636271, 92.54220321244938, 92.46484961550712, 92.44209855758292, 92.30407547284283, 92.41328055087895, 92.51641868013529], "val acc": [83.71553371553371, 86.56838656838657, 88.4930384930385, 88.41113841113841, 87.7013377013377, 90.2948402948403, 90.15834015834015, 90.10374010374011, 90.13104013104014, 90.75894075894075, 90.95004095004094, 90.37674037674037, 90.54054054054055, 91.4960414960415, 90.95004095004094, 91.04559104559105, 91.34589134589135, 91.19574119574119, 90.71799071799072, 91.44144144144144, 91.22304122304122, 91.74174174174175, 91.45509145509145, 90.95004095004094, 91.67349167349167, 91.5915915915916, 90.56784056784056, 90.96369096369096, 91.52334152334153, 92.32869232869233, 91.52334152334153, 91.96014196014195, 91.82364182364182, 91.65984165984166, 91.7007917007917, 91.44144144144144, 91.79634179634179, 91.55064155064154, 92.02839202839203, 91.82364182364182, 90.84084084084084, 92.0966420966421, 91.7007917007917, 91.85094185094185, 91.80999180999181, 91.74174174174175, 91.7007917007917, 91.33224133224134, 91.89189189189189, 91.4960414960415]}