,final ssl loss,final train loss,final val loss,final test loss,test acc,train acc,val acc
0,-0.9980961680412292,0.2555032396532707,0.28873771730013287,0.25210583334329884,93.0700676090965,92.51641868013529,91.4960414960415
