,final ssl loss,final train loss,final val loss,final test loss,test acc,train acc,val acc
0,-0.9993076920509338,0.2618255685239466,0.26669280632809783,0.24647812287812865,92.95482483097726,92.31772610759734,92.34234234234235
