,final ssl loss,final train loss,final val loss,final test loss,test acc,train acc,val acc
0,-0.9974027276039124,0.3916751713132553,0.488639882320811,0.47639744838300985,84.56,86.49111111111111,83.82
