{"final ssl loss": [-0.9204258918762207, -0.972270131111145, -0.9758132100105286, -0.9793967008590698, -0.9837061166763306, -0.9846436977386475, -0.9841138124465942, -0.9876298308372498, -0.9901450872421265, -0.9897400140762329, -0.9933685064315796, -0.9935177564620972, -0.9953215718269348, -0.9939404726028442, -0.9950776696205139, -0.9956583976745605, -0.9957349896430969, -0.9959999322891235, -0.9950751662254333, -0.9950330257415771, -0.9940584897994995, -0.9953305721282959, -0.9966485500335693, -0.9965786933898926, -0.9968522787094116, -0.9972614049911499, -0.997294545173645, -0.9972209930419922, -0.9972230195999146, -0.9972252249717712, -0.997385561466217, -0.9977084994316101, -0.9978194832801819, -0.9981555342674255, -0.9982885122299194, -0.9982311129570007, -0.9978509545326233, -0.9982635378837585, -0.9981814622879028, -0.9980179667472839, -0.9981330037117004, -0.9976619482040405, -0.9967873692512512, -0.9977747201919556, -0.9977092146873474, -0.99759840965271, -0.9978129863739014, -0.99763423204422, -0.9979671239852905, -0.997937798500061, -0.9978193044662476, -0.9979034662246704, -0.998188316822052, -0.9983227849006653, -0.9985011219978333, -0.9983868598937988, -0.9983867406845093, -0.9982181191444397, -0.998291015625, -0.9983788728713989, -0.9979410171508789, -0.9982283711433411, -0.9986138939857483, -0.9986719489097595, -0.9986140727996826, -0.9985715746879578, -0.9986586570739746, -0.9984090328216553, -0.9982686638832092, -0.9985729455947876, -0.998703122138977, -0.9987526535987854, -0.9984745383262634, -0.9980211853981018, -0.9981797337532043, -0.9986438155174255, -0.9986278414726257, -0.9986085295677185, -0.9983841180801392, -0.9986509084701538, -0.9986709356307983, -0.9986200332641602, -0.9984878301620483, -0.9987451434135437, -0.9987035989761353, -0.9987982511520386, -0.99879390001297, -0.9986310005187988, -0.9987470507621765, -0.9986491203308105, -0.998405933380127, -0.9982776641845703, -0.9986775517463684, -0.9989733695983887, -0.998634397983551, -0.9986995458602905, -0.9986767172813416, -0.9936574101448059, -0.9971352815628052, -0.9974027276039124], "final train loss": [1.5435544279931535, 1.1368474187203648, 0.9084786776752445, 0.8012372934403111, 0.7360140704990026, 0.6810669390419822, 0.6454488503420361, 0.6183498635326791, 0.5985510996579276, 0.5741380036046679, 0.5596149631040521, 0.5463480780903295, 0.5361820820589267, 0.5238917455892658, 0.5128423207265397, 0.5027401484522569, 0.4964344921894504, 0.4890241883721602, 0.4823846905025592, 0.4765164931096248, 0.4708077511362938, 0.46618129035514894, 0.4628388500469919, 0.4520702444244634, 0.44856990156821014, 0.4445820758390613, 0.44118705997144236, 0.4395041362923261, 0.4370832357505322, 0.43562062266305906, 0.42863982437706705, 0.43004755947180223, 0.420347556953703, 0.42735387069287667, 0.41842032479970864, 0.4226400189329397, 0.41577427543556766, 0.41149539191755063, 0.4145495958504477, 0.41243091632308226, 0.405742243689557, 0.40489858416436664, 0.40730669315541645, 0.39680594576002437, 0.4022433748568045, 0.3973577090280227, 0.3961872259246261, 0.3937664619450376, 0.39461560578064964, 0.3916751713132553], "final val loss": [1.1878703828829869, 0.8990210112492749, 0.8315789585660218, 0.8021746173406102, 0.71407750248909, 0.6475480195063694, 0.6389889499753904, 0.6628996923470952, 0.6233790151442692, 0.7061707987717003, 0.5974539602827874, 0.6161982248163527, 0.6347371931098829, 0.5793372997242934, 0.5774630592886809, 0.5756369278689099, 0.5477977423531235, 0.5783743966536917, 0.5454910446883766, 0.526324388897343, 0.50117586666991, 0.5057097045099659, 0.5513240067632335, 0.5409457643700254, 0.599146767121971, 0.509738678195674, 0.5044083232712594, 0.5235625409586414, 0.49724545600307973, 0.5400259905749825, 0.4870628446910032, 0.48492005372503, 0.4969032426738435, 0.4740113178446035, 0.5159639961020962, 0.5018553926496748, 0.4993580118486076, 0.5167871792889704, 0.5644127979020405, 0.5325732419065609, 0.4631946918785952, 0.5051321503083417, 0.4967120885848999, 0.47697500129983683, 0.5219215822827284, 0.495071448717907, 0.48717287002475396, 0.4764703678762078, 0.48673458440098794, 0.488639882320811], "final test loss": [1.1037537135636082, 0.834550174946983, 0.7838236868571931, 0.7429242271203964, 0.6613312524538071, 0.6169425029628954, 0.59280050281709, 0.6085614928850731, 0.5712317463498526, 0.6492585911632727, 0.5432271557018018, 0.5744150932223652, 0.5909535644201044, 0.5403025831086948, 0.5421842584213891, 0.5155152674205006, 0.5075295969082144, 0.5573101104638828, 0.4994498702664726, 0.4758701952168355, 0.47307659221438175, 0.47225748254849126, 0.4954249825054845, 0.49817136796518635, 0.5829008482753659, 0.4708972927718498, 0.46499311633574697, 0.5056579633595083, 0.4480433432629314, 0.4899838612483332, 0.44424670494307344, 0.447938756892285, 0.46766273394084207, 0.44871257939420567, 0.4812475084401548, 0.46841042069867017, 0.4502915838679757, 0.4749568440139103, 0.4914507482307978, 0.4940881754238956, 0.42788248178296195, 0.4765816881252935, 0.4557131098244137, 0.4302417738987996, 0.473402450997799, 0.45088936224246556, 0.4299247064196264, 0.45484322211898554, 0.43646525241696416, 0.47639744838300985], "test acc": [59.8, 70.39, 72.76, 74.68, 77.25, 78.85, 79.69, 79.55, 80.86, 77.99, 81.7, 80.2, 79.79, 81.71, 81.82, 82.62, 83.06, 81.65, 82.88, 83.85, 83.75, 83.99, 83.31, 83.46, 80.88, 84.11, 84.78, 83.15, 84.86, 83.87, 85.24, 84.98, 84.36, 85.31, 84.09, 84.23, 85.14, 83.82, 83.71, 83.27, 85.52, 84.36, 84.67, 85.36, 84.46, 84.75, 85.72, 85.02, 85.59, 84.56], "train acc": [42.87555555555556, 59.388888888888886, 68.12, 72.00888888888889, 74.42888888888889, 76.39111111111112, 77.82666666666667, 78.67111111111112, 79.32888888888888, 80.31555555555556, 80.87555555555555, 81.24, 81.50666666666666, 81.94666666666667, 82.42, 82.72666666666667, 83.05777777777777, 83.21111111111111, 83.4088888888889, 83.69555555555556, 83.96444444444444, 84.05777777777777, 83.91555555555556, 84.36222222222223, 84.65555555555555, 84.57777777777778, 84.76, 84.93555555555555, 84.98666666666666, 85.00888888888889, 85.4888888888889, 85.31111111111112, 85.62666666666667, 85.29333333333334, 85.68888888888888, 85.55111111111111, 85.54, 85.99555555555555, 85.88, 85.90222222222222, 86.13111111111111, 86.01555555555555, 85.94222222222223, 86.44666666666667, 86.25555555555556, 86.32888888888888, 86.30888888888889, 86.43111111111111, 86.46, 86.49111111111111], "val acc": [57.78, 68.34, 70.64, 71.88, 75.26, 78.24, 77.72, 77.28, 78.32, 75.7, 79.56, 78.96, 78.22, 80.16, 80.26, 80.4, 81.2, 80.34, 81.1, 82.02, 82.96, 82.66, 81.2, 81.7, 79.64, 82.86, 83.0, 82.1, 83.1, 81.68, 83.58, 83.5, 83.02, 84.04, 82.74, 83.26, 82.98, 82.72, 81.32, 82.28, 84.24, 83.18, 83.14, 83.72, 82.84, 83.22, 83.7, 84.16, 83.92, 83.82]}