,final ssl loss,final train loss,final val loss,final test loss,test acc,train acc,val acc
0,2.8598711890774173,0.2728117764545609,0.278953289645663,0.2475043877991287,92.89720344191764,92.0932490027453,92.23314223314223
