{"final ssl loss": [4.739947634476882, 4.732278982798259, 4.732424748249543, 4.730753896175287, 4.727315878256773, 4.725273589598827, 4.72401990890503, 4.724373956827017, 4.722310178707808, 4.722090576856564, 4.72256098038111, 4.725665515508407, 4.727092992342436, 4.726918841630985, 4.726082586630797, 4.725186668298183, 4.726894261286809, 4.7264189744606995, 4.725841994163318, 4.722582347576434, 4.719921222099891, 4.721606944157527, 4.720938643431052, 4.720512700692201, 4.71839680549426, 4.720528590373504, 4.7203050197699135, 4.717807402977576, 4.718560522030561, 4.719156257922833, 4.718268010555169, 4.717915229308299, 4.716879084171393, 4.717697918720734, 4.714648391038944, 4.711841646830241, 4.713710178473057, 4.712738332992945, 4.712327463198931, 4.71090760353284], "final train loss": [1.4791344809210207, 1.1176660609482534, 0.905471829971525, 0.7972394014790114, 0.7202549080477595, 0.6786536144379952, 0.6365272464825061, 0.6157447481269775, 0.5872548032861783, 0.5762297790060674, 0.5516532999599073, 0.5440191833597595, 0.5273544441778861, 0.5188605488405722, 0.5082716708360789, 0.5021225262774842, 0.4949349342304591, 0.48810629497395397, 0.4768313697533313, 0.4758621421778295, 0.4640542644829977, 0.46411334639567386, 0.4555117030440702, 0.450117176598535, 0.44618786098309754, 0.44280728380584344, 0.4336480267277066, 0.43202465530630535, 0.4323508581722469, 0.42833315451611587, 0.42345924025723164, 0.42773222350849693, 0.42658485073461205, 0.42312269073771347, 0.4165681548225981, 0.41965967924853714, 0.4197589372229771, 0.4083077590105037, 0.41125006420377647, 0.40906591991435237, 0.4044050041218133, 0.40768419457672334, 0.40817269365559383, 0.40380436371860984, 0.40456328565928645, 0.39644549353354014, 0.4001581914744101, 0.3989943302505899, 0.39485201034125655, 0.39741382296723343], "final val loss": [1.2229057421350176, 0.9797451427787732, 0.8201988846253437, 0.7999251989801978, 0.7896701735296067, 0.6951328508413521, 0.6721056479557305, 0.6642291170016975, 0.619820974814664, 0.6566984473140376, 0.5906322041324749, 0.5634659342705064, 0.5626406927776945, 0.5566137730126168, 0.5760937295142253, 0.5907942805510418, 0.6015314841346376, 0.5289567316983156, 0.5404986703092125, 0.5380919659213655, 0.5450782334538782, 0.5424073098381613, 0.5316540211628956, 0.5181391684777418, 0.5261784368639539, 0.5159029921718464, 0.53302854489369, 0.515844701486788, 0.4948889019952458, 0.5303561573575257, 0.5484528011007673, 0.5192593760361337, 0.5104001760957347, 0.5270340000368228, 0.5034487701145707, 0.48342192666545797, 0.5040784693637471, 0.522903326447982, 0.4773917222383675, 0.4969731302587849, 0.4991419054330534, 0.5080780226523709, 0.5294555639195594, 0.47347040075785035, 0.47424177768503784, 0.49451855831085495, 0.5017015689117893, 0.5114568898537356, 0.4985892589494681, 0.49599282666566263], "final test loss": [1.1458867035163478, 0.9187725906174022, 0.764257373472753, 0.7441032414619153, 0.7681722421044359, 0.6177369704642616, 0.6390133776699012, 0.6158597658807858, 0.5834677164642194, 0.6398970633269118, 0.5374466866350022, 0.539393825248217, 0.5448789310912354, 0.5352666237817024, 0.5416072829129597, 0.5470379083491743, 0.553931424174065, 0.48831262356176164, 0.5024303349490744, 0.5407083510590819, 0.4983215414154263, 0.5094681881582395, 0.4957759197765646, 0.49601319653633685, 0.498567586270765, 0.4822724691499917, 0.5193118974090384, 0.47734858924017165, 0.45953882183320227, 0.5125428020668487, 0.497160701158519, 0.4806638530696543, 0.4842712685656243, 0.487498819875641, 0.4641028261794069, 0.45968884039229857, 0.4849832978444739, 0.47990269301988825, 0.44522503106453165, 0.4708612309381985, 0.447486607839886, 0.4729329671341771, 0.4897805877958243, 0.45365682741799673, 0.4588829175518534, 0.45902062740664895, 0.4588546501085781, 0.4853713204637884, 0.45502394750809516, 0.4705706222084003], "test acc": [58.63, 67.16, 73.18, 74.63, 73.82, 79.18, 77.99, 79.16, 79.92, 78.01, 81.85, 82.0, 81.54, 81.95, 81.72, 81.88, 81.56, 83.24, 82.76, 82.01, 83.13, 82.42, 83.82, 83.48, 83.24, 83.82, 82.58, 83.79, 84.41, 82.7, 83.15, 83.46, 84.1, 83.61, 84.37, 84.26, 83.93, 84.33, 84.96, 83.96, 84.92, 84.33, 83.71, 84.94, 84.32, 84.53, 84.62, 83.67, 84.84, 84.58], "train acc": [45.526666666666664, 60.38666666666666, 68.41777777777777, 72.34, 75.00444444444445, 76.63777777777777, 78.03333333333333, 78.61111111111111, 79.83777777777777, 80.3488888888889, 81.08666666666667, 81.46, 81.97555555555556, 82.23333333333333, 82.44222222222223, 82.81777777777778, 83.32888888888888, 83.38, 83.5111111111111, 83.68888888888888, 84.04888888888888, 84.16, 84.2688888888889, 84.65777777777778, 84.62, 84.77333333333333, 85.2, 85.42666666666666, 85.17777777777778, 85.20222222222222, 85.58444444444444, 85.46222222222222, 85.24888888888889, 85.49333333333334, 85.76222222222222, 85.61555555555556, 85.66, 86.02444444444444, 85.80666666666667, 85.8711111111111, 86.06444444444445, 86.03111111111112, 86.04888888888888, 86.1288888888889, 86.15777777777778, 86.34444444444445, 86.32222222222222, 86.19777777777777, 86.50888888888889, 86.32666666666667], "val acc": [56.2, 64.42, 71.42, 72.62, 72.62, 75.94, 77.24, 77.18, 78.68, 77.0, 79.56, 80.26, 80.14, 81.22, 80.12, 80.06, 79.78, 82.44, 81.64, 80.98, 81.44, 81.76, 81.82, 82.36, 81.74, 82.76, 82.36, 82.68, 83.18, 82.38, 80.92, 82.64, 83.52, 82.3, 82.76, 83.5, 83.02, 82.74, 83.76, 83.76, 83.08, 83.1, 82.16, 84.32, 83.74, 83.66, 82.8, 82.66, 82.74, 83.26]}