{"final ssl loss": [4.978285418477523, 4.6725808079454145, 4.556201596299651, 4.49469456791409, 4.451762414593111, 4.42943231212671, 4.403271766977572, 4.386607118754889, 4.3695645004237464, 4.36509740722393, 4.336461864844739, 4.330608640398298, 4.3124130895013835, 4.312562951879139, 4.295373044820163, 4.281634760298756, 4.282548849631627, 4.275651615433633, 4.2620990788796, 4.259340224072318, 4.250484386871558, 4.247577459440318, 4.250587739190351, 4.248508407539444, 4.240041430728724, 4.237519252242976, 4.231439736900813, 4.220569971712878, 4.226457742376065, 4.221147484735611, 4.214861527964141, 4.22057835781819, 4.213740822215849, 4.205876426438465, 4.210632497225854, 4.207377658029892, 4.204042998085172, 4.197353885079013, 4.205649861085358, 4.195047339064005, 4.1992630130497846, 4.1989017825503705, 4.190670373086692, 4.18592627582825, 4.194494630114487, 4.187865114462016, 4.189390826194034, 4.185608527086457, 4.18365633253345, 4.180606820480227], "final train loss": [1.2268683096915411, 0.5988883254186498, 0.4471332448950848, 0.4026433011911871, 0.37624484475761694, 0.3582421098950995, 0.34105669912212916, 0.3303119701354582, 0.3201308084171932, 0.31482238220371767, 0.3106400625936575, 0.30513922912364644, 0.3044738762965448, 0.3018043286256105, 0.29873975921532503, 0.2963910786487426, 0.2937406603968126, 0.29058768906554205, 0.28799381592455114, 0.2889472899930475, 0.28952991474855444, 0.287700005446835, 0.2866207835278512, 0.284535885255735, 0.2834849473078135, 0.28354645181403887, 0.28162043652606134, 0.2773521819035805, 0.280804620515275, 0.27974487835887507, 0.27831926862250567, 0.2795170336302681, 0.27928927375707724, 0.27506786166730507, 0.27344481120033354, 0.27284679484401353, 0.27467318400577945, 0.27608543929853147, 0.2729524543688735, 0.27227203714065273, 0.27264666188533576, 0.2742661770466175, 0.2723051941240083, 0.2713256681673247, 0.26890192482004116, 0.27037382346326244, 0.2683951335044985, 0.2687877971653667, 0.2685220582019366, 0.26655212800076783], "final val loss": [0.6187676763950998, 0.4624219030532254, 0.4425680545935464, 0.3949354549129717, 0.3938288563724168, 0.3743701070124145, 0.37158628793913207, 0.3344341170970009, 0.33759537540929285, 0.32525841532250677, 0.3501569957159232, 0.32015818215939157, 0.36872450068723167, 0.31275135665058307, 0.36853079030119434, 0.332070324960364, 0.34201129054138235, 0.301281995144083, 0.3454127445589247, 0.3128219638263815, 0.3100505692632177, 0.30765820323900367, 0.31679853593613383, 0.3322252375297411, 0.3117760518427499, 0.31469646284934216, 0.3041074266128535, 0.31368065472513307, 0.3172009757447451, 0.2850268583370609, 0.3079569799963824, 0.31026726355979534, 0.3012492043742967, 0.2972857423256839, 0.2968966598911252, 0.3086608496360383, 0.3299550237906812, 0.29494627727821926, 0.3130954269108293, 0.2992403904813866, 0.31763548218527216, 0.3055959579628368, 0.303724095916709, 0.28732828067119465, 0.29770631090164446, 0.2931971630512627, 0.30124988171015765, 0.2961611523410899, 0.3014168914196012, 0.2806700661810985], "final test loss": [0.6107777187220881, 0.39955047169512625, 0.39995013837329585, 0.3437726180954706, 0.30387054153555587, 0.3367176567105901, 0.2883130939487432, 0.2859564263886184, 0.2685887628447731, 0.28425868817762967, 0.35864450067913284, 0.24698564311928808, 0.28185733951655667, 0.24323629231148694, 0.33682116819888863, 0.3032030840267036, 0.25274988136503673, 0.2697239669316725, 0.29808398048079937, 0.25080056400301454, 0.2618316373168845, 0.263000838012327, 0.28168393631925676, 0.2991857395166444, 0.2559399014071124, 0.24239068917692147, 0.2543764359990469, 0.254440710239149, 0.26433427721326047, 0.23602165874947292, 0.24756159600218258, 0.2579128215952115, 0.25412899093514796, 0.2398754314763165, 0.24815244571173092, 0.24119203984256862, 0.27500667903659276, 0.2494507184165189, 0.2693203129423485, 0.22631099450182288, 0.273593248727363, 0.2625322483379293, 0.246195033755547, 0.24098824913023126, 0.23033354290090594, 0.22189402087541246, 0.23079614349496747, 0.26836127031329077, 0.23915244748870812, 0.23407530503093518], "test acc": [80.74293177627536, 87.71896127842655, 87.52304855562384, 89.86631837738169, 90.86893054701905, 89.80485556238476, 91.5680700676091, 91.62569145666872, 92.23263675476336, 91.56422864167179, 89.3861401352182, 92.77811923786109, 91.63721573448063, 93.1661032575292, 90.019975414874, 90.80746773202213, 92.6820835894284, 92.33635525507069, 91.26075599262447, 92.6859250153657, 92.24416103257529, 92.29409956976029, 91.61416717885679, 91.43362015980333, 92.53226797787339, 93.1238475722188, 92.54763368162261, 92.43623232944068, 92.29409956976029, 93.00860479409957, 92.86647203441917, 92.52842655193608, 92.59373079287032, 93.0278119237861, 92.7320221266134, 93.10464044253227, 92.20574677320221, 92.63214505224339, 92.04440688383528, 93.54640442532268, 91.91379840196682, 92.12123540258143, 92.91641057160417, 93.09311616472034, 93.3159188690842, 93.78073140749846, 93.3620159803319, 92.12123540258143, 93.0278119237861, 93.47341733251383], "train acc": [57.59354476649831, 81.66871426187984, 86.19162457720951, 87.4641670837694, 88.43639562572993, 89.07645872199724, 89.64220169571219, 89.86667880056423, 90.2792313175896, 90.50674189683154, 90.58257875657885, 90.7448696364381, 90.84194081691466, 91.0467003382324, 90.9845141132396, 91.13922130712412, 91.14377151870896, 91.22567532723605, 91.38948294429024, 91.29392850100864, 91.36369841197616, 91.38644946990036, 91.36673188636605, 91.46987001562239, 91.60182615158271, 91.49262107354659, 91.6109265747524, 91.72164838998347, 91.66552911377046, 91.65339521621088, 91.72468186437337, 91.63822784426142, 91.58210856804841, 91.73681576193293, 91.8536045259438, 91.83843715399433, 91.81720283326509, 91.80203546131561, 91.79596851253584, 91.85663800033369, 91.97342676434454, 91.93399159727593, 91.97646023873443, 91.88090579545282, 92.00376150824347, 91.99921129665863, 91.94915896922541, 91.87938905825787, 91.93854180886078, 92.08566531677056], "val acc": [80.26208026208026, 85.57193557193557, 86.11793611793611, 87.94703794703794, 87.91973791973793, 88.47938847938848, 88.92983892983894, 89.7897897897898, 89.83073983073983, 90.00819000819001, 89.12093912093913, 90.54054054054055, 89.17553917553917, 90.95004095004094, 89.2028392028392, 89.73518973518973, 89.95358995358995, 90.96369096369096, 89.58503958503958, 90.63609063609064, 90.92274092274093, 90.62244062244062, 90.3084903084903, 90.22659022659023, 90.7998907998908, 90.85449085449085, 90.81354081354081, 90.73164073164074, 90.69069069069069, 91.45509145509145, 90.78624078624078, 91.004641004641, 90.93639093639094, 90.92274092274093, 91.29129129129129, 90.97734097734097, 90.09009009009009, 91.23669123669124, 90.990990990991, 91.08654108654109, 90.37674037674037, 90.9090909090909, 90.56784056784056, 91.63254163254163, 91.12749112749113, 91.35954135954135, 91.08654108654109, 90.86814086814087, 90.9090909090909, 91.78269178269178]}