,final ssl loss,final train loss,final val loss,final test loss,test acc,train acc,val acc
0,4.180606820480227,0.26655212800076783,0.2806700661810985,0.23407530503093518,93.47341733251383,92.08566531677056,91.78269178269178
