,final ssl loss,final train loss,final val loss,final test loss,test acc,train acc,val acc
0,-0.9997035264968872,0.39334081968010615,0.5031877521211934,0.5045471693427799,83.95,86.6288888888889,82.94
