,final ssl loss,final train loss,final val loss,final test loss,test acc,train acc,val acc
0,3.4900617770659617,0.44309779961395535,0.5007741164629627,0.4780323939106335,83.45,84.66888888888889,82.7
