{"final ssl loss": [4.847753539452186, 4.747221188667493, 4.69195010356414, 4.809564419281789, 4.739178748008532, 4.633300624749599, 4.50889413295648, 4.40555078799908, 4.315771322983962, 4.278823810968643, 4.239612667377179, 4.203835181700877, 4.169747148415981, 4.336202293787247, 4.628418430915246, 4.402064318534656, 4.329650558569493, 4.224852772248097, 4.223190121772962, 4.126329675087562, 4.086097623140384, 4.097880210631933, 4.135326988269121, 4.104702165799263, 4.08894248130994, 4.054291336353009, 4.031214980590038, 4.01828145980835, 3.973670928906172, 3.99071681927412, 3.972749727200239, 3.9591849644978843, 3.9681340584388147, 4.004648116918711, 3.9734540596986427, 4.0519126549745215, 4.176682425767948, 4.270569686400584, 4.0074432519766, 3.9513701365544245, 3.9506706127753626, 3.931849299944364, 3.8909429599077274, 3.891616165943635, 3.9121004190200415, 3.9099799865331404, 3.8902623433333177, 3.8763877232869466, 3.852490636629936, 3.8824141221168715, 3.8844537355960944, 3.880707767682198, 3.8598317708724585, 3.8550164381663006, 3.833972756067912, 3.839830941420335, 3.83653528996003, 3.834893400241167, 3.8352011154859493, 3.8338887483645707, 3.818491100653624, 3.8374481934767504, 3.8130224105639337, 3.816910315782596, 3.8061567746675933, 3.8369039584428837, 3.848432883238181, 3.8318801769843467, 3.802877025115184, 3.797612478794196, 3.810882506003747, 3.8036982377370196, 3.8064022651085487, 3.806327746464656, 3.796279371701754, 3.785057455454117, 3.7831693429213304, 3.780467491883498, 3.7801873916234725, 3.7860468509869696, 3.7849445440830327, 3.7938895812401405, 3.7763971817799105, 3.7742834726969403, 3.7702763141729894, 3.7581350461030616, 3.7702455520629883, 3.78036953608195, 3.758263336083828, 3.768062475400093], "final train loss": [1.3541409068270278, 1.0367428101202063, 0.8532542917816539, 0.7568550459357467, 0.688984152530641, 0.6534812439606388, 0.6184704712437837, 0.5968751268621532, 0.5762664882231877, 0.5575887244816952, 0.5430559752338222, 0.5282704663100867, 0.5188606588465149, 0.5148851132151414, 0.5059383834084045, 0.49525797349621237, 0.4838783290573444, 0.479726763247554, 0.4656574213936893, 0.46538578102520023, 0.4572328544501811, 0.4541322316526943, 0.454495515571093, 0.45483532724815984, 0.44348563613434927, 0.44433489759064093, 0.4371579722703223, 0.4338005489981505, 0.4331038883849502, 0.4265822735856676, 0.4276160408332997, 0.41973918155312284, 0.4219163517707955, 0.42303811874195624, 0.4124005998629751, 0.4131661425870873, 0.4102190776483845, 0.40383955332706734, 0.40836327075534623, 0.4079435987433772, 0.40398424884732004, 0.4059667019590513, 0.40277595592460147, 0.4043829174607717, 0.39809555387191936, 0.39627389363049614, 0.395528943215013, 0.39620525317363225, 0.39811077536042055, 0.3970801343223942], "final val loss": [1.1664957730633438, 0.917603053294929, 0.8278086253791858, 0.7157330359243284, 0.7401876971600162, 0.7571196053058479, 0.6572284873124141, 0.6450217740171275, 0.6964295965850733, 0.6284541586402116, 0.593076018675877, 0.6223343579442637, 0.5858525409819973, 0.5565131346511233, 0.5390996298023091, 0.50918812423375, 0.6385161171483386, 0.5372148414326322, 0.5246883444725328, 0.5627136966035624, 0.5684593976682918, 0.5190648992729795, 0.556664028554965, 0.4963461099916203, 0.5065322281543616, 0.49462466914752484, 0.5121562557805116, 0.5146508549049402, 0.5023176584653793, 0.5361874360757269, 0.5317899590464914, 0.5593417134064778, 0.529856805588789, 0.5077861324427234, 0.5067667407784492, 0.47536428415091936, 0.49650498987383146, 0.49570332875676976, 0.48131228437659085, 0.49393814564890165, 0.5026440382193608, 0.5118322146546309, 0.4736331138451388, 0.4991605828522117, 0.4599425223460243, 0.4818755915495241, 0.4740513414619075, 0.46661830907035023, 0.47355067407249646, 0.45489509664713196], "final test loss": [1.058102831101646, 0.8302675746500302, 0.7596284646195726, 0.6467261033507582, 0.6803502849877452, 0.6827909116166088, 0.6168442202833133, 0.581579976497938, 0.6491805102211979, 0.5707887802927639, 0.5356088583937849, 0.5695554606449871, 0.5362086886415085, 0.4901067347953114, 0.5073745179528626, 0.4782837297493657, 0.5874134379025465, 0.4949735518985282, 0.4711945448963406, 0.49866879017303545, 0.5063787483321592, 0.5000550054942077, 0.5278809951326717, 0.4696388175121892, 0.4507629772463736, 0.4583165584185634, 0.47077223906120935, 0.4636918003090654, 0.4579881659259621, 0.4985978047544964, 0.48150671411531804, 0.5130889832306975, 0.4991905716851877, 0.47232725692633243, 0.48850744508040217, 0.4387505350830837, 0.4730916770930869, 0.4389802210580427, 0.44135738518862677, 0.48920398914871127, 0.4431442101114093, 0.47577320905729603, 0.43212599154954523, 0.4727413622192301, 0.4218296948760843, 0.4741612252193137, 0.4254397584940679, 0.43358244739782315, 0.44710858804158893, 0.422147204415105], "test acc": [63.46, 70.35, 73.62, 78.29, 76.55, 76.94, 78.09, 80.2, 77.67, 80.38, 81.64, 80.42, 81.49, 83.43, 82.38, 83.61, 80.46, 83.17, 83.98, 83.17, 82.96, 83.06, 82.64, 84.63, 84.86, 84.89, 84.41, 84.47, 84.94, 83.72, 83.61, 82.98, 83.57, 83.98, 83.65, 85.46, 84.23, 85.42, 84.73, 83.94, 84.91, 84.07, 85.23, 83.67, 85.93, 84.14, 85.54, 85.43, 85.35, 85.7], "train acc": [51.48444444444444, 63.333333333333336, 70.08666666666667, 73.51333333333334, 75.97111111111111, 77.29333333333334, 78.57777777777778, 79.45111111111112, 80.07555555555555, 80.82, 81.41333333333333, 82.04222222222222, 82.18, 82.24, 82.68222222222222, 82.97555555555556, 83.33111111111111, 83.55777777777777, 83.92222222222222, 83.98, 84.28, 84.34, 84.2311111111111, 84.49111111111111, 84.70666666666666, 84.75111111111111, 85.02444444444444, 85.00888888888889, 85.08666666666667, 85.39333333333333, 85.14444444444445, 85.6511111111111, 85.64888888888889, 85.44666666666667, 85.8488888888889, 85.75555555555556, 85.88444444444444, 86.08, 85.82444444444444, 85.97333333333333, 86.14222222222222, 86.06888888888889, 86.14444444444445, 86.24, 86.44, 86.33555555555556, 86.42666666666666, 86.29555555555555, 86.36, 86.37555555555555], "val acc": [58.58, 67.14, 71.26, 75.8, 74.0, 74.24, 76.98, 77.76, 75.96, 78.32, 79.98, 78.74, 79.92, 81.26, 81.66, 81.82, 78.3, 81.78, 81.64, 80.68, 81.04, 82.52, 81.44, 83.32, 82.64, 82.94, 82.68, 82.84, 82.9, 81.98, 81.46, 81.38, 81.8, 82.9, 82.9, 84.08, 83.28, 83.42, 83.5, 83.34, 82.34, 82.74, 84.06, 82.52, 84.78, 83.66, 83.8, 84.6, 84.14, 84.6]}