,final ssl loss,final train loss,final val loss,final test loss,test acc,train acc,val acc
0,-0.999379575252533,0.25627662544714874,0.2861434738416078,0.25934010174146027,92.72433927473878,92.50580151977067,91.72809172809173
