{"final ssl loss": [-0.9615160226821899, -0.9864626526832581, -0.9815331101417542, -0.9835166335105896, -0.9889140725135803, -0.9889517426490784, -0.9923029541969299, -0.9934825897216797, -0.9938812851905823, -0.9945091605186462, -0.9956948757171631, -0.9959611892700195, -0.9948673248291016, -0.9961599111557007, -0.9951430559158325, -0.9955570697784424, -0.9967461228370667, -0.9974450469017029, -0.9972591400146484, -0.9956154227256775, -0.9972615838050842, -0.9978221654891968, -0.9979274272918701, -0.9975667595863342, -0.9976793527603149, -0.9980699419975281, -0.9983692169189453, -0.9981752038002014, -0.9983242154121399, -0.9981436729431152, -0.9980424046516418, -0.9981153607368469, -0.9980695247650146, -0.9981549382209778, -0.9983046054840088, -0.9980657696723938, -0.9978571534156799, -0.9979021549224854, -0.9976335167884827, -0.9979777932167053, -0.9978129863739014, -0.9977923035621643, -0.9982535243034363, -0.9984510540962219, -0.9980257749557495, -0.9981654286384583, -0.9983810782432556, -0.9988014101982117, -0.998559832572937, -0.9987881779670715, -0.9988112449645996, -0.9988104701042175, -0.9989197850227356, -0.9990546107292175, -0.9991111159324646, -0.999293327331543, -0.9992282390594482, -0.9992201328277588, -0.9990065097808838, -0.9989482760429382, -0.9991499781608582, -0.999219536781311, -0.9992809295654297, -0.9992586374282837, -0.9992345571517944, -0.9992070198059082, -0.9989532828330994, -0.9986020922660828, -0.9985589981079102, -0.9985746741294861, -0.9984822869300842, -0.9987828731536865, -0.9991348385810852, -0.9992833733558655, -0.9992868900299072, -0.9992257952690125, -0.9991806745529175, -0.999098539352417, -0.9985371232032776, -0.9987156391143799, -0.9989660978317261, -0.9981505870819092, -0.997809886932373, -0.9985454082489014, -0.9989901781082153, -0.9988266825675964, -0.9983705282211304, -0.9988230466842651, -0.9991453886032104, -0.9993033409118652, -0.9993413090705872, -0.9994307160377502, -0.9992597103118896, -0.9992779493331909, -0.9991393089294434, -0.9989774227142334, -0.9990823268890381, -0.999187171459198, -0.9993375539779663, -0.999379575252533], "final train loss": [1.24755366885477, 0.48820388428089634, 0.39715466769172664, 0.35930956439835854, 0.3401602145504931, 0.32859469506996225, 0.3172594101341285, 0.3096748394408109, 0.2979273201688972, 0.296884026584224, 0.2948517786851356, 0.290710715761373, 0.2878714550751063, 0.28751815178091306, 0.28051520705612604, 0.2797529916231571, 0.2774579524790551, 0.27855650716280944, 0.27541038014305586, 0.2721227547031823, 0.2720001253811394, 0.27007863012651745, 0.26996789897635237, 0.2718231019097182, 0.26939248635123175, 0.2670261895524456, 0.2674986511470695, 0.2664404895508184, 0.26491696419838723, 0.2634216020998085, 0.2622113496321355, 0.26555463092601356, 0.26320885664099725, 0.2628288019447615, 0.262696110126045, 0.2612238869993744, 0.25960118553480555, 0.2616469808174085, 0.2610393833122291, 0.2607284879080557, 0.2594445171336246, 0.26122332707568025, 0.2592142930408883, 0.25742869320958633, 0.25788872762213105, 0.2610973091484244, 0.25689276118483984, 0.2579090114432572, 0.2572080169839189, 0.25627662544714874], "final val loss": [0.5563588572511506, 0.4131308195372336, 0.37874622721078616, 0.37308631782058027, 0.3670587802883319, 0.345871900545848, 0.31621233313690106, 0.33451507497562594, 0.3484559278430897, 0.31894049657647006, 0.2950869417672074, 0.3249781662801598, 0.32154529071595994, 0.28178216983039567, 0.3167363916926379, 0.29449026261387173, 0.3038781364834725, 0.29455344030820646, 0.2925940022588297, 0.3233574585558025, 0.3049152129081659, 0.3025543566256371, 0.35114332825335876, 0.32978619129994813, 0.3122064291650031, 0.28769861613949316, 0.2933319781431074, 0.2860857182666334, 0.3133754782443744, 0.2753680768060827, 0.29961396404033663, 0.29967437367723626, 0.28655490280011076, 0.2945320830399813, 0.2943038879832717, 0.30199909058915997, 0.28770075287816305, 0.28164808358590415, 0.3209053821633997, 0.2783787245313153, 0.28614140711887437, 0.3213601784870094, 0.28281771900807406, 0.2697654560240856, 0.3096704020380453, 0.2912957513761833, 0.2874664834753395, 0.2981202468503771, 0.28503920721890624, 0.2861434738416078], "final test loss": [0.5552556311450807, 0.36826872815783035, 0.32394696900698855, 0.32037529663047787, 0.30837684168185153, 0.3207837927535048, 0.2766959279396912, 0.2697919110895686, 0.33172782155609615, 0.28239594227394105, 0.3023592560330099, 0.2559108477702515, 0.2837360399833558, 0.24811997236420816, 0.2909820047790683, 0.2367574672914895, 0.2532618712720802, 0.26643623027570673, 0.23591437676569094, 0.2834033101353181, 0.29228347867809656, 0.27464430931960154, 0.29779333978232353, 0.26299540554825446, 0.27675082297830933, 0.24493688640656083, 0.2461282288397065, 0.25619827417476004, 0.276480404837446, 0.22186121290277333, 0.23346453007649293, 0.2852248795869982, 0.2408952418290289, 0.2514507802013372, 0.23860465776271367, 0.25054346673597905, 0.23511734453867433, 0.2463408901175388, 0.2802090690427183, 0.239716122532149, 0.28577429794360876, 0.27291474424883794, 0.22806057471442162, 0.21969215226238387, 0.2834615991713996, 0.26259102070640034, 0.2323920858477034, 0.257359603236839, 0.23910254758155702, 0.25934010174146027], "test acc": [82.37553779963122, 88.98279041180086, 90.20052243392747, 90.58082360172097, 90.87661339889367, 90.50015365703749, 92.09434542102028, 92.24031960663798, 90.00460971112477, 92.0520897357099, 91.4220958819914, 92.82805777504609, 91.85233558696989, 92.80885064535956, 91.89459127228027, 93.3082360172096, 92.76659496004918, 92.5437922556853, 93.30439459127228, 91.62569145666872, 91.49124154886294, 92.0021511985249, 91.230024585126, 92.34403810694529, 91.75629993853718, 93.03549477566072, 92.88952059004302, 92.81269207129687, 91.93300553165335, 93.75, 93.2160417947142, 91.81776275353411, 92.93177627535341, 92.65519360786725, 93.21988322065151, 92.80885064535956, 93.31207744314689, 92.90104486785495, 91.97526121696373, 93.15073755377996, 91.50660725261217, 91.93300553165335, 93.59250153657038, 93.7077443146896, 92.12123540258143, 92.48617086662568, 93.34665027658266, 92.52458512599877, 93.1238475722188, 92.72433927473878], "train acc": [57.00960094644401, 85.05255494380489, 87.9040208703038, 89.12347757504057, 89.86364532617434, 90.2170450925968, 90.51735905719616, 90.76610395716735, 91.13163762114938, 91.11192003761508, 91.22567532723605, 91.49717128513143, 91.51840560586068, 91.56390772170906, 91.67917974852497, 91.65794542779572, 91.76411703144196, 91.77321745461164, 91.84450410277411, 92.04016320092218, 92.0280293033626, 92.0871820539655, 92.00679498263337, 91.97039328995464, 92.073531419211, 92.13420090700885, 92.12206700944927, 92.21610471553593, 92.24188924785003, 92.30862568442765, 92.34351063991143, 92.16150217651787, 92.24947293382476, 92.23430556187529, 92.27222399174894, 92.24037251065508, 92.35716127466594, 92.39659644173454, 92.37384538381035, 92.34351063991143, 92.42086423685367, 92.38294580698002, 92.36777843503056, 92.4178307624638, 92.38901275575981, 92.37687885820024, 92.36019474905584, 92.46029940392228, 92.38597928136991, 92.50580151977067],