,final ssl loss,final train loss,final val loss,final test loss,test acc,train acc,val acc
0,-0.9950214405932661,2.23604976234362,2.24408920675386,2.2238002371143653,19.587430854333128,18.971348834387467,18.44116844116844
