,final ssl loss,final train loss,final val loss,final test loss,test acc,train acc,val acc
0,-0.9968552472708109,0.2609980595987227,0.2563492793052998,0.2480954328015291,92.84726490473264,92.31924284479229,92.75184275184276
