{"final ssl loss": [-0.9936402244167728, -0.9938544414260171, -0.9940616409261743, -0.9942331407870446, -0.9944133089555727, -0.9945423075786004, -0.9946808541988159, -0.9947885710459489, -0.99491370662109, -0.9950347303093731, -0.9951216928608768, -0.995210044659101, -0.9953031483646873, -0.9953830936155119, -0.99545901305192, -0.9955330768248418, -0.9955629664701182, -0.9956187401618157, -0.9956575106907558, -0.9956853571054819, -0.9957078205538796, -0.9957337137702462, -0.9957553035729415, -0.9957675983855775, -0.9957762214687321, -0.9957681823443699, -0.995784998565287, -0.9957669552389559, -0.9957820860655991, -0.9957682411153833, -0.99576429637162, -0.9957495690225722, -0.9957485674144505, -0.9957653552919001, -0.995780543222294, -0.9957879519129132, -0.9957848474695966, -0.9958131653028768, -0.9958233328965994, -0.9958718444083954, -0.995876250775544, -0.9958843276217267, -0.9958881279388507, -0.9959134667903393, -0.995922950389502, -0.9959299641472477, -0.99595294257144, -0.9959463547993374, -0.9959660234984818, -0.9959730264190194, -0.9959889325228605, -0.9959825118938526, -0.9960140517124763, -0.9960314969082812, -0.9960287515516881, -0.9960544263566291, -0.9960894253287282, -0.9960932539893197, -0.9961038934184121, -0.9961360738827632, -0.9961593807577254, -0.9961915447578563, -0.9962150606658909, -0.9962376112287695, -0.9962457057896194, -0.9962934699508693, -0.9963042521393383, -0.996355033837832, -0.9963688085546026, -0.9963954662109589, -0.9964265658722057, -0.9964622463379706, -0.9964877419121616, -0.9965319162482148, -0.996557730061191, -0.9965885969308707, -0.9966171515154671, -0.9966485139790114, -0.9966624554220613, -0.9966865442432724, -0.996709530378555, -0.9967356838963248, -0.9967344313651532, -0.996768712372213, -0.9967565480228904, -0.996804107319225, -0.9968068322518489, -0.9968069208251846, -0.9968478598377921, -0.9968552472708109], "final train loss": [1.0268538434280752, 0.4822672871924297, 0.3972692873287351, 0.36126913297026697, 0.3439796199007181, 0.3291243047709678, 0.31904859594776613, 0.3100188181467611, 0.3043574600574036, 0.29751056859930386, 0.2929139625399036, 0.29122576299984293, 0.2868333303069986, 0.2891388786134248, 0.28722066951762887, 0.2794218358476653, 0.278232165953449, 0.2775672547779489, 0.27742974926961145, 0.2729739192132158, 0.27710134799654107, 0.2725759838418091, 0.2724384687346583, 0.2736189076387762, 0.27146461578325515, 0.2675954414452962, 0.2701747947648594, 0.27203418874063867, 0.268132009758121, 0.2641709248830412, 0.26848213989441255, 0.26420031504028635, 0.2641292103362432, 0.2653102453676952, 0.2641644655875518, 0.26123087001559564, 0.26320075412126764, 0.2608183214937105, 0.2639498212377006, 0.2646731577907616, 0.262535502728796, 0.2595465777655146, 0.26050550595046984, 0.26133217721543067, 0.2585920775874054, 0.2621431872976175, 0.26129717182020995, 0.25946036579375675, 0.2559062140003707, 0.2609980595987227], "final val loss": [0.5263287015096589, 0.41713384792664165, 0.3530553669615864, 0.3194345406797515, 0.3080554704372995, 0.31960188601507633, 0.32119744354818325, 0.33440046161250514, 0.2849708753658304, 0.29539782203343495, 0.27313565896360376, 0.2785103614787738, 0.27335823841360457, 0.2763709015981599, 0.2774122334105739, 0.2815841039292937, 0.2687068662187288, 0.25918181851001937, 0.32614891316465155, 0.2650009336958611, 0.2682805034580059, 0.2722244138817209, 0.26542304884886375, 0.2794362550202806, 0.2694587811429102, 0.25397263285927635, 0.26241054328150365, 0.2699740461874997, 0.2991253192125775, 0.2760866776507299, 0.2790280669707984, 0.2891926661817007, 0.2783575637762203, 0.281024339978937, 0.2860563103939248, 0.26125626268442803, 0.2773680211040781, 0.2558563334875492, 0.2554643327964055, 0.28557660839801013, 0.27871853672781366, 0.2731395497690382, 0.28633431249245284, 0.27579574018318254, 0.256302132917869, 0.28072596100610414, 0.27430641070398704, 0.272909407817055, 0.2799329037196511, 0.2563492793052998], "final test loss": [0.5318898872154277, 0.38930445412489645, 0.3755883001642306, 0.30196229565810845, 0.28544998323402987, 0.29351097253364045, 0.29040893104101284, 0.3005860378114502, 0.2828058272243205, 0.26557437635280867, 0.254732239996003, 0.26132702091319776, 0.24569000455743065, 0.2621662855258152, 0.23544948285729314, 0.2545434679110656, 0.2234971878835039, 0.23858843665771387, 0.2708291375479851, 0.2453875228721438, 0.22683927536077103, 0.2426785925836291, 0.2707865102839009, 0.23632913915536546, 0.25940773818133905, 0.22596285560829635, 0.23832076478403985, 0.2567737622104164, 0.2609462620386126, 0.25408482205703925, 0.257876608029342, 0.24092103176434462, 0.28980610053071004, 0.28056009199369597, 0.2660290850875602, 0.2459576695297069, 0.24840312946704501, 0.2421753699599516, 0.24376761160404203, 0.26325357706441616, 0.2661237995728338, 0.24767275322892265, 0.2683424199324934, 0.24564383545757731, 0.23647899389282986, 0.2521058902623823, 0.24026997116364593, 0.2498985170049213, 0.2659078833500624, 0.2480954328015291], "test acc": [83.85832821143208, 88.20682237246466, 88.78687768899816, 91.18008604794099, 91.5258143822987, 91.17240319606638, 91.6602642901045, 91.11862323294407, 91.89459127228027, 92.12891825445605, 92.6359864781807, 92.20574677320221, 92.9778733866011, 92.48617086662568, 93.43116164720344, 92.44775660725261, 93.54640442532268, 93.08159188690843, 92.10971112476952, 92.74738783036263, 93.5041487400123, 93.09695759065765, 92.01751690227412, 93.16226183159189, 92.52074370006146, 93.67317148125385, 93.1200061462815, 92.85494775660726, 92.47080516287646, 92.71281499692687, 92.52074370006146, 93.11616472034419, 91.77550706822373, 91.80623847572218, 92.12891825445605, 92.88183773816841, 92.86647203441917, 93.11616472034419, 92.89720344191764, 92.30946527350953, 92.27105101413645, 92.77427781192378, 92.2979409956976, 92.85878918254456, 93.26982175783651, 93.12768899815612, 93.10464044253227, 92.65519360786725, 92.12891825445605, 92.84726490473264], "train acc": [65.09229345831248, 85.2861324718266, 87.90098739591392, 89.13257799821025, 89.78780846642702, 90.09115590541627, 90.41573766513476, 90.8237399705753, 90.94052873458615, 91.19837405772702, 91.37279883514583, 91.33033019368735, 91.46228632964767, 91.52447255464045, 91.55329056134444, 91.72164838998347, 91.7656337686369, 91.79748524973078, 91.80051872412068, 92.00224477104852, 91.80355219851056, 91.93550833447088, 91.92337443691132, 91.86422168630841, 91.98252718751422, 92.1524017533482, 92.00072803385358, 91.988594136294, 92.11751679786444, 92.17363607407745, 92.00376150824347, 92.12661722103411, 92.2115545039511, 92.10689963749981, 92.28587462650347, 92.32379305637713, 92.23582229907024, 92.41934749965874, 92.15391849054315, 92.21913818992583, 92.22975535029046, 92.32682653076701, 92.18880344602691, 92.33896042832659, 92.42541444843852, 92.20852102956121, 92.24492272223992, 92.34806085149626, 92.52400236611003, 92.31924284479229], "val acc": [83.98853398853399, 87.2918372918373, 89.87168987168987, 90.78624078624078, 90.88179088179088, 90.93639093639094, 90.51324051324052, 90.13104013104014, 91.87824187824188, 91.31859131859132, 92.12394212394213, 92.01474201474201, 92.06934206934207, 92.06934206934207, 92.24679224679225, 91.78269178269178, 92.24679224679225, 92.54709254709255, 90.60879060879061, 92.34234234234235, 92.17854217854217, 92.04204204204204, 92.16489216489217, 91.91919191919192, 92.35599235599236, 92.64264264264264, 92.47884247884248, 92.04204204204204, 91.4960414960415, 91.83729183729184, 91.55064155064154, 91.65984165984166, 91.80999180999181, 91.6052416052416, 91.72809172809173, 92.36964236964236, 92.17854217854217, 92.58804258804258, 92.57439257439258, 91.52334152334153, 91.97379197379198, 92.2058422058422, 91.37319137319137, 92.32869232869233, 92.71089271089271, 91.98744198744198, 92.08299208299208, 92.1921921921922, 91.91919191919192, 92.75184275184276]}