,final ssl loss,final train loss,final val loss,final test loss,test acc,train acc,val acc
0,3.0710541917643415,0.2646069554584928,0.29468746214909847,0.23823743832385721,93.10464044253227,92.11448332347454,91.41414141414141
