,final ssl loss,final train loss,final val loss,final test loss,test acc,train acc,val acc
0,-0.9997707605361938,0.41288284607385184,0.4926095913834633,0.46536788957330366,84.46,85.90444444444445,83.2
