{"final ssl loss": [-0.9246680935184148, -0.9745486024170923, -0.9749217795806718, -0.9741762699070416, -0.9722118614272485, -0.9717704293517236, -0.9728019022300515, -0.9745064377784729, -0.9766836053430652, -0.979450981954301, -0.9821358698583595, -0.9845166379602557, -0.9865391070116192, -0.9880460836136387, -0.9893685806728661, -0.9903924513641607, -0.9911116382224001, -0.9915629552054802, -0.9920099671076263, -0.9925377832561083, -0.9926198470226171, -0.9930545742243109, -0.9932125115364064, -0.993346494955229, -0.9935769130035796, -0.9936993066388422, -0.9936459886050866, -0.9939603617417218, -0.9935322564557939, -0.9944144040918533, -0.9941936365773523, -0.9940950182503836, -0.9947634203485887, -0.9942369680093284, -0.9941477280267528, -0.9944807848154964, -0.9948955388136314, -0.9950294598421886, -0.9948908395101715, -0.9943343773388832, -0.9943028295772787, -0.9948472290964041, -0.994108645848825, -0.9953500504072436, -0.9946804569793266, -0.994888358552691, -0.9944862131119996, -0.9951958851304463, -0.9949242701985314, -0.995229757854789], "final train loss": [1.4563300151221703, 1.1382891232016752, 0.8973333462596194, 0.7877553499117759, 0.7227311978949328, 0.6688965178904334, 0.6311296199335218, 0.6056522987332849, 0.5815164576884949, 0.5655532713553205, 0.5508375694206105, 0.5364251221399741, 0.5224069127576014, 0.5089988263208729, 0.502044463955136, 0.49544200192615334, 0.48277168077573596, 0.47995930841800244, 0.472612467216488, 0.4618669608482123, 0.45784872800493037, 0.45328451803201636, 0.4465150403410895, 0.44723651703783357, 0.4364752764386663, 0.43915631307531267, 0.4324602383640995, 0.432523597389269, 0.43054984931985624, 0.42164726772457467, 0.416570660931554, 0.4202356963354218, 0.4146145975485963, 0.41367690691985215, 0.41594357210838295, 0.40753932155313943, 0.40548383656891845, 0.40600518559786813, 0.4053400678675312, 0.4052249576761397, 0.3999320390662701, 0.3981850776628094, 0.3947323687168073, 0.39450515719698565, 0.3947533108982408, 0.38944218812646725, 0.393729257870627, 0.3896993529038304, 0.39058632433795726, 0.38590856112259114], "final val loss": [1.1083207870744596, 0.9776368173444347, 0.8369179185788342, 0.840972084907969, 0.7659843180589615, 0.675056743204214, 0.6818833383405285, 0.7048246957314243, 0.5832736252979108, 0.6134544552131823, 0.5852894278088953, 0.5745505616543399, 0.5719309481465893, 0.5519384784493476, 0.5570026851573567, 0.5747468742025885, 0.5259548715155595, 0.601798121811478, 0.5446234705152025, 0.5025341445283525, 0.5665943578929659, 0.6048729476655365, 0.5345669723809905, 0.4940758414898708, 0.4874408704460047, 0.516223303166924, 0.529015749598005, 0.4931584294814213, 0.4942619588914191, 0.5419653441495956, 0.4821876805679054, 0.4844411793787768, 0.5179417907812034, 0.5161374811154262, 0.46806023696995086, 0.51547507590549, 0.46815101688454863, 0.5112365097946422, 0.48225153043011953, 0.48009924918033514, 0.49681959239540585, 0.4888256429012414, 0.46532079828962397, 0.47143193191973265, 0.49083068677384384, 0.4931444534260756, 0.48520969694397253, 0.4526907439539387, 0.46866167483815724, 0.4608557687443533], "final test loss": [1.0623897607334125, 0.9090074154134756, 0.7685062426347702, 0.773283374480927, 0.7165010442939429, 0.6080363309040618, 0.6340446872071336, 0.6250198229242818, 0.5497508208972578, 0.5733203666088299, 0.5398136289736715, 0.5247594502549202, 0.5151171675695779, 0.5375848387519773, 0.537744754110091, 0.5358139464554315, 0.4915475643242891, 0.5726304092346289, 0.49428180612314243, 0.47897221286075947, 0.5551191894486308, 0.5957255527710381, 0.4755963628379682, 0.4616852367695528, 0.45427448747637933, 0.4784139241463841, 0.5006732824273383, 0.46820014029646073, 0.46250343596497284, 0.5050675357206942, 0.45232184776387657, 0.47602662829735787, 0.4968220591545105, 0.45906388957184346, 0.43695450174256256, 0.4743182109758115, 0.43922222579439607, 0.4769405606931772, 0.4546127242687792, 0.4473312237439826, 0.44924814720599415, 0.47821879860596916, 0.4634372431534929, 0.4536531549958756, 0.4530869111561547, 0.45994986258090115, 0.43873326606548635, 0.4253563470662402, 0.457807394881218, 0.4408628707305311], "test acc": [62.05, 67.8, 73.46, 73.2, 75.66, 79.1, 78.38, 78.6, 81.14, 80.85, 81.71, 82.24, 82.47, 81.83, 82.07, 81.55, 83.4, 80.59, 83.7, 84.01, 81.57, 80.22, 84.0, 84.19, 84.62, 83.79, 82.95, 84.17, 84.15, 83.25, 85.21, 84.24, 83.58, 84.96, 85.25, 84.01, 85.4, 84.3, 84.72, 85.31, 85.06, 84.22, 84.71, 85.34, 84.93, 84.72, 85.44, 85.66, 84.78, 85.38], "train acc": [46.22666666666667, 59.58888888888889, 68.42888888888889, 72.6511111111111, 74.92888888888889, 76.80666666666667, 78.15333333333334, 79.28888888888889, 79.91333333333333, 80.59333333333333, 81.18888888888888, 81.49555555555555, 81.89111111111112, 82.54888888888888, 82.90444444444445, 82.91555555555556, 83.39111111111112, 83.47777777777777, 83.7, 83.97777777777777, 84.38888888888889, 84.42222222222222, 84.69111111111111, 84.53777777777778, 85.03777777777778, 84.88, 85.23333333333333, 85.06222222222222, 85.25111111111111, 85.61111111111111, 85.81111111111112, 85.45777777777778, 85.64222222222222, 85.75111111111111, 85.80222222222223, 85.98, 86.18222222222222, 85.98444444444445, 86.26444444444445, 85.89111111111112, 86.20666666666666, 86.24666666666667, 86.48222222222222, 86.32666666666667, 86.49777777777778, 86.61777777777777, 86.76, 86.42444444444445, 86.44, 86.74888888888889], "val acc": [60.62, 65.0, 71.06, 71.64, 73.24, 76.64, 77.18, 76.42, 80.28, 78.88, 80.1, 80.7, 80.98, 81.7, 81.3, 80.58, 82.0, 79.14, 81.42, 83.3, 81.34, 79.8, 81.48, 83.52, 83.46, 82.72, 82.24, 83.4, 83.54, 82.5, 84.1, 83.74, 83.0, 82.76, 84.26, 82.34, 84.58, 83.26, 83.5, 84.42, 83.72, 83.74, 84.66, 84.32, 83.42, 83.86, 83.82, 84.84, 84.42, 84.38]}