,final ssl loss,final train loss,final val loss,final test loss,test acc,train acc,val acc
0,-0.9967633354294086,0.2555386984661178,0.2749378862892436,0.22249423272030186,93.86908420405655,92.52096889172013,92.28774228774229
