{"final ssl loss": [-0.965793340350959, -0.9903820438539164, -0.9914361239000407, -0.9916368077133565, -0.9919562069491665, -0.9926250422558133, -0.9931563007461811, -0.9937094414322696, -0.9940683660990497, -0.9944991665982221, -0.9947082989598112, -0.9950014439510331, -0.99525298956129, -0.9954297829528416, -0.9956392825509117, -0.9957312136667168, -0.9957811741028982, -0.9958628704319775, -0.9959731202502603, -0.9961262977815913, -0.996188010592396, -0.9963589450739107, -0.9964180479095512, -0.9965131637726147, -0.9965007162448255, -0.9965897445962022, -0.9966736382769413, -0.9966577862537079, -0.9966085188875244, -0.9966506880409804, -0.9965839644299161, -0.9966199920395151, -0.9965781501777936, -0.996573002747752, -0.996544774987907, -0.9965484805532083, -0.9964927629697474, -0.9965605750100589, -0.996486405297209, -0.9964706750611855, -0.9964583378892218, -0.9966784270896095, -0.9967206685550352, -0.9968987118473944, -0.9968605593543429, -0.9967525281099942, -0.9965831875384453, -0.9967357398068972, -0.9966855361608503, -0.9967633354294086], "final train loss": [1.049678004312897, 0.4551319573011316, 0.38600778185673446, 0.3570239136220543, 0.3369028577025237, 0.32416812548651563, 0.3120568237705305, 0.3050976720101289, 0.30037890008502954, 0.2939197287186691, 0.2919535633431425, 0.287396385424356, 0.2885877628662036, 0.28326923837718065, 0.2808128477723556, 0.28009705074774965, 0.2744095224488575, 0.2773203750676216, 0.27311308053265654, 0.2700465212936239, 0.2720292989297443, 0.271382199122251, 0.269049590787896, 0.2690827287254563, 0.26881049889917513, 0.26851458041867704, 0.2641336809778708, 0.2645345538107191, 0.26420089399215235, 0.26080899445809086, 0.25976589946270584, 0.2606093511277966, 0.264483042531283, 0.26215616442906603, 0.2605515979438268, 0.25947815785794537, 0.2607751644723938, 0.2597661806349107, 0.2583419735275014, 0.2587149089298535, 0.2596149559235331, 0.25762960341592284, 0.25728176150395055, 0.25834825928677696, 0.2538753783055579, 0.25887744548251107, 0.25801607163931156, 0.2561345201198957, 0.2550120295049358, 0.2555386984661178], "final val loss": [0.5015658462281831, 0.3925952535106365, 0.36320623257665136, 0.38515770549206757, 0.3561658892438922, 0.32703407866855894, 0.3348315140175507, 0.322955769547729, 0.31055155482679997, 0.3156541202819243, 0.3442434268194255, 0.31434352274609967, 0.3386871405921909, 0.2960797981013377, 0.31381662511246433, 0.3014036976939726, 0.3138420035712844, 0.2925611570412415, 0.32190325815539694, 0.2932256842316759, 0.3072634626781836, 0.31725121985746785, 0.2987374501693262, 0.3051217397650517, 0.2868476991570152, 0.29525819357370703, 0.3040079800859419, 0.30073582164650403, 0.29755978358657337, 0.2812636520339412, 0.29229047339751213, 0.29911131602122276, 0.28885315999583905, 0.28124188538234046, 0.2759896086439425, 0.3019358802863344, 0.29720498210705787, 0.3060983024927987, 0.2870922737946026, 0.2780778031617273, 0.31330904074208443, 0.2858620086383872, 0.28956174067990226, 0.28409742428128115, 0.2900131863814384, 0.2922511437102567, 0.2945964882662723, 0.294397280970385, 0.27684335599299603, 0.2749378862892436], "final test loss": [0.4969324945158689, 0.35267237665850204, 0.36661916139881134, 0.3886672424710829, 0.32051252500504185, 0.294822251709082, 0.2900619400803604, 0.2785193580626087, 0.24450740898462786, 0.2774429933868202, 0.380058441949546, 0.27069036846898076, 0.30348579518162905, 0.25959607802619766, 0.3075859941226368, 0.253782589149865, 0.2746944339231975, 0.2568393381717512, 0.26678031363412374, 0.2535542896737091, 0.2863122875137479, 0.2643166801649665, 0.24242684969001196, 0.26571939055091665, 0.24912091936911537, 0.23491871010750093, 0.24402204098486563, 0.2527972392908627, 0.24927237642761915, 0.237781558895177, 0.22062732553205633, 0.255546733763879, 0.2394295434481224, 0.2365575845270928, 0.23599326695917353, 0.2608294464631752, 0.2521152829503096, 0.24867454874020353, 0.25765743570548716, 0.23832126264918038, 0.287326352428233, 0.23718548476403117, 0.23341297737439448, 0.2379933821731899, 0.23124293899632697, 0.24318880688556965, 0.2534631119476956, 0.2557565271602692, 0.2324214420545645, 0.22249423272030186], "test acc": [84.83020897357099, 89.3400430239705, 88.9021204671174, 88.57944068838353, 90.49631223110019, 91.4259373079287, 91.5258143822987, 91.9560540872772, 92.82805777504609, 92.02904118008605, 88.92132759680393, 92.26720958819914, 90.8958205285802, 92.490012292563, 90.9880147510756, 92.66287645974185, 92.09818684695759, 92.45159803318992, 92.31714812538414, 92.65903503380454, 91.77550706822373, 92.25184388444991, 93.00860479409957, 92.22111247695145, 92.75122925629994, 93.13921327596803, 92.93561770129072, 92.82805777504609, 92.96634910878919, 93.04701905347265, 93.46573448063921, 92.71665642286416, 92.96634910878919, 93.06238475722188, 93.26213890596189, 92.60525507068223, 92.86263060848187, 92.97019053472648, 92.51690227412415, 93.14689612784265, 91.329901659496, 92.95482483097726, 93.18531038721574, 93.23909035033805, 93.56177012907192, 92.82805777504609, 92.45543945912723, 92.5437922556853, 93.31207744314689, 93.86908420405655], "train acc": [64.53110069618238, 85.92922904248381, 88.42122825378047, 89.3115529872139, 89.95009934628627, 90.28833174075928, 90.73425247607346, 90.86620861203379, 91.03001622908799, 91.23325901321078, 91.23932596199056, 91.41678421379927, 91.41678421379927, 91.55329056134444, 91.63216089548165, 91.68372996010982, 91.90820706496186, 91.77473419180659, 91.86877189789325, 92.03409625214239, 91.99011087348894, 92.01286193141314, 92.09931595152509, 91.99617782226873, 91.99466108507379, 92.10083268872002, 92.20548755517132, 92.15846870212798, 92.26160683138433, 92.35412780027605, 92.39659644173454, 92.26009009418938, 92.19335365761175, 92.27525746613884, 92.3692951722255, 92.38142906978509, 92.30559221003777, 92.3692951722255, 92.31469263320744, 92.39659644173454, 92.41328055087895, 92.42541444843852, 92.49215088501616, 92.25857335699443, 92.43299813441325, 92.4345148716082, 92.36322822344572, 92.50731825696562, 92.45271571794756, 92.52096889172013], "val acc": [84.26153426153427, 87.87878787878788, 88.998088998089, 88.3019383019383, 89.07998907998908, 90.67704067704068, 90.33579033579034, 90.36309036309036, 90.59514059514059, 90.86814086814087, 89.91263991263992, 90.74529074529075, 89.81708981708982, 91.25034125034125, 90.54054054054055, 90.990990990991, 90.9090909090909, 91.4960414960415, 90.41769041769042, 91.4004914004914, 91.12749112749113, 90.62244062244062, 90.85449085449085, 90.9090909090909, 91.71444171444172, 91.30494130494131, 90.990990990991, 91.05924105924106, 91.45509145509145, 91.55064155064154, 91.41414141414141, 91.11384111384112, 91.37319137319137, 91.7007917007917, 92.0966420966421, 91.5096915096915, 91.48239148239148, 91.30494130494131, 91.63254163254163, 92.06934206934207, 90.75894075894075, 91.5096915096915, 91.7007917007917, 91.86459186459186, 91.63254163254163, 91.42779142779143, 91.7007917007917, 91.35954135954135, 91.78269178269178, 92.28774228774229]}