,final ssl loss,final train loss,final val loss,final test loss,test acc,train acc,val acc
0,-0.992193877696991,0.259966497906664,0.26333802198283535,0.24184505511773177,93.15457897971727,92.37687885820024,92.62899262899263
