{"final ssl loss": [-0.9774032235145569, -0.9838525652885437, -0.9851474165916443, -0.9851711392402649, -0.9812217354774475, -0.9830483198165894, -0.9858394861221313, -0.9870083332061768, -0.9861137270927429, -0.9855978488922119, -0.986228883266449, -0.9860093593597412, -0.9856157302856445, -0.9866393804550171, -0.9903337955474854, -0.9910969734191895, -0.9905571341514587, -0.9915213584899902, -0.9917232394218445, -0.9910203218460083, -0.9906114339828491, -0.9910937547683716, -0.9917998313903809, -0.992127001285553, -0.9924523234367371, -0.9928178787231445, -0.9931727051734924, -0.9935016632080078, -0.9926853775978088, -0.9922186732292175, -0.9931289553642273, -0.9932882785797119, -0.9885525703430176, -0.9904478788375854, -0.9930842518806458, -0.9933293461799622, -0.9871786832809448, -0.9893848896026611, -0.9910739064216614, -0.992193877696991], "final train loss": [1.2377118552297948, 0.47649559734523844, 0.40004429621337284, 0.3616314901048946, 0.34372040586096897, 0.3302611334232206, 0.31992728146690513, 0.3118685170355597, 0.3060422826288128, 0.29750449349584074, 0.29499692975984926, 0.2908777263858715, 0.28817085104224927, 0.2857983588913888, 0.28374988301117143, 0.2825266704049589, 0.27939061687473876, 0.278626258138428, 0.2771872365463133, 0.27603055254322617, 0.2744146438472765, 0.2719637221850596, 0.2737094395491667, 0.27246319329070556, 0.2696642536179229, 0.26575772860799163, 0.26948242786004667, 0.26865125329616446, 0.2691716137362489, 0.26608234145649207, 0.2668169283379034, 0.2648102955893586, 0.26285546019037104, 0.2621034329430838, 0.2658088324970644, 0.2640087652824049, 0.2624607466266087, 0.2629179393643064, 0.26173057451560433, 0.26176260048157524, 0.25993625224061395, 0.26039142701603124, 0.2606526972687126, 0.2622950823646814, 0.2586800147404678, 0.25928517281177665, 0.25849038650304773, 0.2557967318866306, 0.25959475803171356, 0.259966497906664], "final val loss": [0.5405868731081226, 0.44834901880489164, 0.3700289328432109, 0.3469032434559545, 0.3234038135223904, 0.3175608586422351, 0.3005822536791776, 0.30963026013176514, 0.32185743726366994, 0.30634878984119696, 0.30849099985636996, 0.27679210457560405, 0.3023240864602239, 0.2963128503062254, 0.28202344653680594, 0.29833436926509616, 0.2832605638703958, 0.27103659505732197, 0.2977356559812502, 0.26689310127861116, 0.27196167444395447, 0.26445050908488477, 0.2776307748167015, 0.29833550969195677, 0.2740667808646393, 0.27417519795159323, 0.28660607799952725, 0.2803140906576376, 0.2867226842058798, 0.2663219328603695, 0.258407848956283, 0.31397680778820963, 0.27614958129628, 0.25973703630073364, 0.2722551157153069, 0.2885743391386937, 0.28720884289446097, 0.273663065318978, 0.2555478272642371, 0.285367727966971, 0.2762007636697271, 0.3020182131061648, 0.2850158444674905, 0.2585440949012229, 0.26041726376373303, 0.279159965863915, 0.2709168856922846, 0.2984669316869115, 0.2531117006493773, 0.26333802198283535], "final test loss": [0.5157920531837009, 0.44879176973591783, 0.37096600779114836, 0.33926216997114683, 0.33143496872394984, 0.28286161119946684, 0.26512730240945404, 0.28293747774094197, 0.2741907200746293, 0.2888471842486027, 0.28236162857237185, 0.26111417814645305, 0.27831759137794815, 0.2704445358493917, 0.24799907269386498, 0.2711622540253221, 0.2831397502115614, 0.25025570075855996, 0.24316357660590138, 0.24411944866967583, 0.2619647829340318, 0.2562524191554663, 0.26919027553592106, 0.2603338690524971, 0.27616299666677135, 0.25230186434373425, 0.26728418625946126, 0.2926597504290759, 0.26345565099227963, 0.25155424597359627, 0.23056772470311776, 0.294484367595267, 0.27038325659052015, 0.27255426898555196, 0.26913134743750133, 0.2646227171518714, 0.2585081720807079, 0.24586821938189848, 0.23718789179010788, 0.24837208936032118, 0.25619959495263744, 0.28791894464060225, 0.2834989690709246, 0.25435369777669375, 0.2509090171930099, 0.268126126338158, 0.2575155407274989, 0.30382324390900517, 0.23012819239315954, 0.24184505511773177], "test acc": [83.9658881376767, 86.23232944068839, 89.17486170866626, 90.09680393362017, 90.27735095267363, 91.77934849416103, 92.27489244007376, 91.80623847572218, 92.30178242163491, 91.56038721573448, 91.7639827904118, 92.5437922556853, 91.74861708666256, 92.14044253226798, 92.93177627535341, 92.18653964351567, 91.82928703134604, 92.67824216349109, 93.03933620159803, 92.96250768285188, 92.42854947756608, 92.70129071911494, 92.25568531038722, 92.55531653349723, 92.10971112476952, 92.73586355255071, 92.23263675476336, 91.57191149354641, 92.21727105101414, 93.02397049784881, 93.5041487400123, 91.54118008604794, 92.35172095881991, 92.17885679164105, 92.2019053472649, 92.2979409956976, 92.47848801475108, 93.03165334972341, 93.1699446834665, 92.93177627535341, 92.72049784880147, 91.5680700676091, 91.82544560540873, 92.63982790411801, 93.0201290719115, 92.41702519975415, 92.340196681008, 91.16087891825445, 93.67701290719116, 93.15457897971727], "train acc": [56.79725773915154, 85.24214709317316, 87.9464895117623, 89.10072651711639, 89.78477499203713, 90.01531904566896, 90.39146987001563, 90.6796499370554, 91.0239492803082, 91.24235943638045, 91.31061261015304, 91.37583230953572, 91.46835327842744, 91.58059183085346, 91.67007932535529, 91.71406470400873, 91.71558144120368, 91.8111358844853, 91.81871957046003, 91.85663800033369, 91.86573842350336, 91.90214011618207, 91.90517359057196, 91.86270494911346, 92.05836404726153, 92.12661722103411, 92.12510048383916, 92.0507803612868, 92.11903353505939, 92.16908586249261, 92.11448332347454, 92.2115545039511, 92.22975535029046, 92.26009009418938, 92.04016320092218, 92.22672187590057, 92.17363607407745, 92.27374072894389, 92.28587462650347, 92.33137674235185, 92.3723286466154, 92.355644537471, 92.32530979357207, 92.28132441491863, 92.34199390271648, 92.42238097404862, 92.36626169783561, 92.4375483459981, 92.40418012770927, 92.37687885820024], "val acc": [83.01938301938301, 86.00873600873601, 88.90253890253891, 89.55773955773955, 90.37674037674037, 90.70434070434071, 90.990990990991, 90.85449085449085, 90.48594048594049, 91.07289107289107, 90.95004095004094, 92.16489216489217, 91.18209118209118, 91.65984165984166, 91.91919191919192, 91.20939120939121, 91.85094185094185, 92.36964236964236, 91.38684138684138, 92.26044226044226, 92.12394212394213, 92.1921921921922, 91.65984165984166, 91.26399126399126, 92.26044226044226, 92.02839202839203, 91.93284193284194, 91.89189189189189, 91.74174174174175, 92.41059241059241, 92.34234234234235, 91.004641004641, 91.96014196014195, 92.53344253344254, 92.08299208299208, 91.83729183729184, 91.56429156429157, 91.97379197379198, 92.83374283374283, 91.83729183729184, 92.01474201474201, 91.23669123669124, 91.87824187824188, 92.46519246519246, 92.58804258804258, 92.05569205569205, 92.01474201474201, 91.56429156429157, 92.77914277914277, 92.62899262899263]}