{"final ssl loss": [-0.9222335351294767, -0.9732046881726396, -0.9739472918336431, -0.9732439529422608, -0.9717275018347058, -0.9713883469794685, -0.973072084208304, -0.9752655642514956, -0.977415848823882, -0.9804165646834502, -0.983351195514889, -0.9855543837886156, -0.9875887594973995, -0.9891111161965261, -0.9903310510245237, -0.991258089887348, -0.9918396027231644, -0.9922397229033457, -0.9926187881052723, -0.993053776544737, -0.9932515191512895, -0.9936508475284113, -0.9938582298316052, -0.9941266498477145, -0.9941765296627099, -0.9945491068494458, -0.9945047545448308, -0.9946875044081489, -0.9948110056518745, -0.9948955638078966, -0.9951060035393577, -0.9952559244083229, -0.9951193491414323, -0.9953284713126023, -0.9950349747218793, -0.9954005355795276, -0.9953167974262018, -0.9955650333329443, -0.9951282983476465, -0.9954545455919185, -0.9953014840695067, -0.9955020232863065, -0.9955021186079472, -0.9954935917094179, -0.9957213370885495, -0.9956950329711587, -0.9956622830807934, -0.9954761871913026, -0.9962428811646606, -0.9961370813938171, -0.9956805920860373, -0.9960178725240173, -0.9952161510912618, -0.9960310451123534, -0.9959171484588203, -0.9963225636454764, -0.9965497414067521, -0.9959659110492384, -0.996518393675588, -0.9966107929332919, -0.9963468113263041, -0.9961500178912843, -0.996275759498838, -0.9959554139157416, -0.9958980731790106, -0.9965013407561905, -0.9965330224565293, -0.9963586646753451, -0.9963938775883747, -0.9957130101823013, -0.9963472433645808, -0.9961357508975626, -0.9963898131392525, -0.9960594067729237, -0.9961765662274501, -0.9962233393506723, -0.99615179843695, -0.9961072244656376, -0.9951722385330787, -0.9961680793579043, -0.9959479223903407, -0.9961602448959204, -0.9955051174237084, -0.9963966706879771, -0.9959716656067612, -0.9962298941825936, -0.9959801328624867, -0.9958901844928267, -0.9958240764165505, -0.9962970491942309, -0.9964938156125488, -0.9954405792925636, -0.995881047696066, -0.9965250548571539, -0.9961934427369419, -0.9955263115685057, -0.9959853090412638, -0.9966451728313436, -0.9962491862065661, -0.9959452866210522], "final train loss": [1.466622086010169, 1.0916354632072611, 0.8848209359074791, 0.7795517337856008, 0.7114754004222582, 0.6645631531005899, 0.622852227581081, 0.6020130296823567, 0.581752534645961, 0.5619919387664707, 0.550156981187165, 0.532775938701528, 0.5225375305487912, 0.5134526052497004, 0.5026585300901127, 0.49711247578570417, 0.48538340915685524, 0.4789959849589839, 0.47540274893635964, 0.47034915303116415, 0.4565491775248012, 0.4568055337420701, 0.45428306112686795, 0.44879487125625317, 0.4443625843347008, 0.44374351690085795, 0.4420357967998936, 0.43420129673397956, 0.4338241571026994, 0.4243446310668358, 0.42728985220130317, 0.4215249362498967, 0.4191104052687632, 0.4183721842870445, 0.4204936042909895, 0.41208031919454546, 0.41600878482158926, 0.4122877049378325, 0.4109771965838063, 0.40923486881397597, 0.4077809776186774, 0.411453843712489, 0.40272648648412496, 0.4047721065977997, 0.405227669420061, 0.39815524161423277, 0.3966893878551604, 0.39407879629125386, 0.3974044844005111, 0.39380761861335156], "final val loss": [1.1425079729906313, 0.9473330854989921, 0.8557225898572594, 0.8147891526389274, 0.7038727336248775, 0.7442716785297272, 0.702690670634531, 0.6327535781511076, 0.6346934950275785, 0.621404469772509, 0.5639451086331325, 0.5871832839622619, 0.5535757185737039, 0.5728101566149171, 0.5585124918799491, 0.525099720449964, 0.5850463250450267, 0.5221561419356401, 0.5624620767345854, 0.49829176856074364, 0.4972772281261007, 0.5444903326262335, 0.5298452302338971, 0.5873205451069364, 0.5383216700736125, 0.5210164252929627, 0.5083769783852207, 0.5080170617171913, 0.5329080883674561, 0.4960762730259804, 0.5254730604066971, 0.5317741398978385, 0.5017394737168482, 0.47506382847857326, 0.48098159766500925, 0.5180587803672074, 0.5007011103592102, 0.53185291873042, 0.4978176836565042, 0.48827675231702766, 0.5518741014466924, 0.49565414230155336, 0.4525379469250418, 0.5059808463237847, 0.4925049927773749, 0.5313621091235216, 0.47381385581888213, 0.4587945130885027, 0.45775683660795735, 0.4717048660015604], "final test loss": [1.0416520418831334, 0.8737616741809601, 0.781560800422114, 0.7537735077900628, 0.6712642912380993, 0.6940091858847073, 0.6515771620951522, 0.5721507641596916, 0.6043330979423401, 0.5902081149073836, 0.5235967317613931, 0.553205167333158, 0.5155890685872148, 0.5413221247708455, 0.527340754557151, 0.49943509853828827, 0.551892825708793, 0.4870713938253756, 0.5205532296682699, 0.4601189267045012, 0.47845312805411916, 0.5140603222786048, 0.4763307061772377, 0.5708121998003497, 0.48868298421081263, 0.5075275833233477, 0.4771841119843931, 0.44795322669342685, 0.509481608272551, 0.47042846251219606, 0.4993570816402618, 0.5092087245216004, 0.46294206654587494, 0.4576477006839487, 0.4342536373545948, 0.46753966736907776, 0.47820901282774375, 0.47581277963833307, 0.45055787029643407, 0.46316102832650985, 0.49031557559300537, 0.4659223063066364, 0.45058322789522404, 0.48249132331377403, 0.45534782413952646, 0.5040657691443309, 0.4304640056749883, 0.42885553267912363, 0.4581948707516963, 0.4445763102259499], "test acc": [62.8, 69.4, 72.77, 74.34, 77.11, 76.82, 77.87, 80.19, 79.46, 80.01, 82.22, 81.06, 82.2, 81.32, 81.76, 83.01, 82.33, 83.51, 82.62, 84.28, 83.75, 82.61, 83.84, 80.93, 83.68, 82.94, 83.83, 85.0, 83.22, 84.14, 83.5, 82.21, 84.77, 84.79, 85.18, 84.21, 84.06, 83.99, 84.68, 84.18, 83.65, 84.39, 84.91, 83.85, 84.82, 83.58, 85.21, 86.03, 84.9, 84.66], "train acc": [45.986666666666665, 61.05111111111111, 68.81777777777778, 72.91333333333333, 75.26, 77.0, 78.38666666666667, 79.32444444444444, 79.90666666666667, 80.68666666666667, 81.0, 81.7088888888889, 82.08444444444444, 82.22444444444444, 82.78222222222222, 82.96, 83.31333333333333, 83.4, 83.63111111111111, 83.83555555555556, 84.25111111111111, 84.40666666666667, 84.11777777777777, 84.47111111111111, 84.7088888888889, 84.70444444444445, 84.84, 85.11555555555556, 84.92444444444445, 85.50222222222222, 85.19111111111111, 85.45111111111112, 85.70666666666666, 85.7, 85.53777777777778, 85.97333333333333, 85.57333333333334, 85.94, 85.91555555555556, 85.9, 85.96888888888888, 85.74888888888889, 86.19111111111111, 86.23333333333333, 85.92, 86.31555555555556, 86.2911111111111, 86.47333333333333, 86.41111111111111, 86.44666666666667], "val acc": [59.7, 66.9, 70.28, 71.94, 75.52, 74.22, 76.12, 77.96, 77.9, 78.74, 80.12, 79.56, 81.38, 80.72, 81.1, 82.06, 80.74, 82.12, 81.06, 82.56, 83.1, 82.0, 82.18, 80.52, 82.22, 82.68, 82.96, 83.78, 81.78, 83.94, 82.94, 81.96, 82.3, 83.66, 84.26, 82.46, 83.24, 82.76, 83.14, 83.48, 81.76, 83.46, 84.98, 83.12, 82.94, 82.46, 84.3, 84.56, 84.18, 84.2]}