,final ssl loss,final train loss,final val loss,final test loss,test acc,train acc,val acc
0,-0.9959452866210522,0.39380761861335156,0.4717048660015604,0.4445763102259499,84.66,86.44666666666667,84.2
